"session_start","individual_id","trap_id","grid_id"
2018-05-11,"0007150990",4,"D"
2018-05-11,"0007150992",8,"E"
2018-08-22,"00072d743b",10,"A"
2018-01-17,"00072d743b",11,"G"
2018-08-22,"000734bbff",8,"H"
2018-08-22,"000734bbff",8,"H"
2018-06-12,"000734bbff",8,"H"
2018-06-12,"000734bbff",8,"H"
2018-06-12,"000734bbff",9,"H"
2018-05-11,"000734bbff",8,"H"
2018-05-11,"000734bbff",8,"H"
2018-01-17,"000734bbff",8,"H"
2017-09-26,"000734bbff",5,"H"
2017-09-26,"000734bbff",8,"H"
2017-08-04,"000734bbff",8,"H"
2017-09-26,"000734bc10",8,"H"
2018-01-17,"000734bc12",7,"D"
2017-09-26,"000734bc12",14,"D"
2017-07-04,"000734bc12",11,"D"
2017-07-04,"000734bc12",12,"D"
2017-07-04,"000734bc12",11,"D"
2018-05-11,"000734bd83",12,"A"
2017-09-26,"000734bd85",9,"B"
2017-09-26,"000734bd85",9,"B"
2018-06-05,"000734bd8c",7,"M1"
2018-05-11,"000734bf0b",9,"D"
2017-09-26,"000734c09f",12,"G"
2017-09-26,"000734c09f",14,"G"
2017-09-26,"000734c09f",14,"G"
2017-09-26,"000734c09f",12,"G"
2018-08-22,"000734c0b1",2,"F"
2018-08-22,"000734c0b1",2,"F"
2018-08-22,"000734c0b1",2,"F"
2018-07-17,"000734c0b8",13,"D"
2018-07-17,"000734c0b8",12,"D"
2018-07-17,"000734c0b8",14,"D"
2018-07-17,"000734c0b8",14,"D"
2018-06-12,"000734c0b8",13,"D"
2018-06-12,"000734c0b8",13,"D"
2018-06-12,"000734c0b8",14,"D"
2018-06-12,"000734c0b8",12,"D"
2018-05-11,"000734c0b8",14,"D"
2018-05-11,"000734c0b8",12,"D"
2017-06-01,"000734c24e",10,"G"
2018-01-17,"000734c253",12,"B"
2018-01-17,"000734c253",12,"B"
2017-09-26,"000734c253",14,"B"
2017-09-26,"000734c253",1,"B"
2017-09-26,"000734c253",3,"B"
2017-08-04,"000734c5aa",8,"E"
2017-08-04,"000734c5aa",8,"E"
2018-08-18,"000734c5ba",22,"M2"
2018-08-18,"000734c5ba",19,"M2"
2018-01-10,"000734c5ca",49,"M1"
2018-01-10,"000734c786",7,"M1"
2017-08-04,"000734c94c",5,"G"
2017-09-26,"000734cafc",16,"H"
2017-09-26,"000734cafc",13,"H"
2017-09-26,"000734cafc",14,"H"
2017-09-26,"000734cafc",11,"H"
2017-09-26,"000734cafc",11,"H"
2017-08-04,"000734cafc",13,"H"
2017-08-04,"000734cafc",12,"H"
2017-08-04,"000734cafc",13,"H"
2018-05-11,"000734cb08",11,"G"
2017-10-03,"000734cb09",17,"M1"
2018-01-10,"000734cb0d",13,"M1"
2018-01-10,"000734cb0d",16,"M1"
2018-01-10,"000734cb14",58,"M1"
2018-01-10,"000734cb14",2,"M1"
2018-01-10,"000734cb14",58,"M1"
2018-01-10,"000734cb14",2,"M1"
2017-09-26,"000734cb15",2,"E"
2017-09-26,"000734cb15",1,"E"
2017-09-26,"000734cb15",1,"E"
2017-08-04,"000734cb15",15,"E"
2017-08-04,"000734cb15",1,"E"
2017-08-04,"000734cb15",2,"E"
2017-10-03,"000734cb30",26,"M1"
2017-10-03,"000734cb30",26,"M1"
2017-09-26,"000734cd04",1,"D"
2017-09-26,"000734cd04",1,"D"
2017-09-26,"000734cd04",13,"D"
2017-09-26,"000734cd04",16,"D"
2017-08-04,"000734cd04",13,"D"
2017-08-04,"000734cd04",6,"D"
2017-08-04,"000734cd04",11,"D"
2017-07-04,"000734cd04",7,"D"
2017-07-04,"000734cd04",13,"D"
2017-07-04,"000734cd04",9,"D"
2017-07-04,"000734cd04",6,"D"
2017-09-26,"000734cd11",3,"B"
2017-09-26,"000734cd11",8,"B"
2017-09-26,"000734cd11",8,"B"
2017-08-04,"000734cd11",8,"B"
2017-08-04,"000734cd11",7,"B"
2017-08-04,"000734cd11",9,"B"
2017-09-26,"000734cec5",12,"F"
2017-09-26,"000734cec5",13,"F"
2017-08-04,"000734d0b0",1,"H"
2017-07-04,"000734d0d4",14,"D"
2017-07-04,"000734d0d4",14,"D"
2017-09-26,"000734d0da",13,"F"
2017-09-26,"000734d0e6",13,"B"
2017-09-26,"000734d280",6,"B"
2017-08-04,"000734d289",10,"D"
2017-08-04,"000734d289",10,"D"
2017-08-04,"000734d289",6,"D"
2017-07-04,"000734d28a",6,"H"
2017-07-04,"000734d28a",2,"H"
2017-07-04,"000734d28a",2,"H"
2017-06-01,"000734d28a",2,"H"
2017-06-01,"000734d28a",9,"H"
2017-10-03,"000734d2b7",1,"M1"
2017-10-03,"000734d2b7",3,"M1"
2017-10-03,"000734d2b7",3,"M1"
2017-10-03,"000734d2b7",2,"M1"
2017-07-04,"000734d462",14,"H"
2017-07-04,"000734d462",14,"H"
2017-07-04,"000734d462",14,"H"
2017-06-01,"000734d462",3,"H"
2018-01-17,"000734d6a9",5,"A"
2018-01-17,"000734d6b3",9,"E"
2018-01-17,"000734d6b3",4,"E"
2017-09-26,"000734d6b3",3,"E"
2017-09-26,"000734d6b3",7,"E"
2017-09-26,"000734d6b3",6,"E"
2018-08-18,"000734d6bc",36,"M2"
2018-08-18,"000734d6bc",22,"M2"
2018-08-18,"000734d6bc",23,"M2"
2018-07-10,"000734d6bc",13,"M2"
2018-06-05,"000734d6bc",4,"M2"
2018-06-05,"000734d6bc",4,"M2"
2018-06-05,"000734d6bc",4,"M2"
2017-08-04,"000734dad0",4,"D"
2017-09-26,"000734dcb2",6,"B"
2017-09-26,"000734df33",7,"F"
2017-08-04,"000734df33",3,"F"
2017-08-04,"000734df33",2,"F"
2017-08-04,"000734df33",3,"F"
2017-09-26,"000734e5c0",13,"E"
2017-09-26,"000734e5c0",13,"E"
2017-09-26,"000734e5c0",12,"E"
2017-08-04,"000734e5c0",9,"E"
2017-08-04,"000734e5c0",9,"E"
2017-08-04,"000734e5c0",9,"E"
2018-01-10,"000734e79f",58,"M1"
2018-01-17,"000734e7a1",4,"G"
2018-01-17,"000734e7a1",4,"G"
2018-01-17,"000734e7a1",4,"G"
2017-09-26,"000734e7a1",1,"G"
2017-09-26,"000734e7a1",3,"G"
2017-09-26,"000734e7a1",6,"G"
2017-09-26,"000734e7a7",4,"F"
2017-09-26,"000734e7a7",1,"F"
2017-08-04,"000734e7ae",2,"E"
2017-07-04,"000734e7ae",1,"E"
2017-07-04,"000734e7ae",14,"E"
2017-07-04,"000734e7ae",16,"E"
2017-07-04,"000734e7ae",14,"E"
2017-09-26,"000734e7b9",6,"D"
2017-10-03,"000734e7ba",8,"M2"
2017-08-01,"000734e7ba",13,"M2"
2018-05-11,"000734e7d6",3,"A"
2018-05-11,"000734e7d6",11,"A"
2017-09-26,"000734e7d8",11,"B"
2017-08-04,"000734e7e9",2,"E"
2017-08-04,"000734e7f0",12,"H"
2017-08-04,"000734e7f0",14,"H"
2017-08-04,"000734e7f0",11,"H"
2017-08-04,"000734e7f0",10,"H"
2018-05-11,"000734e9d9",2,"A"
2017-08-04,"000734ea36",11,"H"
2017-08-04,"000734ea36",11,"H"
2017-08-04,"000734ea36",8,"H"
2017-08-04,"000734ea36",11,"H"
2018-01-17,"000734ea42",7,"D"
2017-09-26,"000734ea42",9,"D"
2017-09-26,"000734ea42",7,"D"
2018-01-10,"000734ec0e",19,"M1"
2017-10-03,"000734ec0e",39,"M1"
2017-10-03,"000734ec0e",39,"M1"
2018-01-10,"000734ec72",14,"M1"
2018-06-12,"000734ee59",5,"G"
2018-06-12,"000734ee59",4,"G"
2018-06-12,"000734ee59",3,"G"
2018-06-12,"000734ee59",2,"G"
2018-05-11,"000734ee59",5,"G"
2018-05-11,"000734ee59",5,"G"
2018-05-11,"000734ee59",5,"G"
2018-01-17,"000734ee59",4,"G"
2017-09-26,"000734ee59",4,"G"
2018-01-17,"000734ee5c",15,"D"
2018-01-17,"000734ee5c",15,"D"
2018-01-17,"000734ee5c",16,"D"
2017-09-26,"000734ee5c",7,"D"
2017-09-26,"000734ee5c",14,"D"
2017-09-26,"000734ee5c",14,"D"
2017-09-26,"000734ee5c",8,"D"
2017-09-26,"000734ee5c",3,"D"
2017-08-04,"000734ee5c",12,"D"
2017-08-04,"000734ee5c",8,"D"
2017-08-04,"000734ee5c",8,"D"
2018-08-22,"000734ee84",2,"E"
2018-08-22,"000734ee84",1,"E"
2018-08-22,"000734ee84",9,"E"
2017-09-26,"000734eeac",10,"B"
2017-09-26,"000734eecc",4,"B"
2018-08-18,"000734f106",49,"M1"
2018-08-18,"000734f106",49,"M1"
2018-08-18,"000734f106",48,"M1"
2017-09-26,"000734f10f",14,"H"
2018-08-18,"000734f2f8",2,"M1"
2018-08-18,"000734f2f8",59,"M1"
2018-08-18,"000734f2f8",2,"M1"
2017-09-26,"000734f30a",14,"D"
2017-09-26,"000734f30a",10,"D"
2017-09-26,"000734f30a",7,"D"
2017-09-26,"000734f30a",12,"D"
2017-10-03,"000734f315",26,"M2"
2017-09-26,"000734f359",9,"F"
2018-05-08,"000734f433",27,"M2"
2018-05-08,"000734f433",29,"M2"
2017-10-03,"000734f433",28,"M2"
2017-09-26,"000734f450",3,"H"
2017-08-04,"000734f478",13,"H"
2017-08-04,"000734f551",1,"G"
2018-01-17,"000734f5b6",14,"A"
2018-01-17,"000734f5b6",14,"A"
2017-09-26,"000734f5c7",11,"B"
2017-09-26,"000734f68a",8,"B"
2017-07-04,"000734f68a",11,"B"
2017-07-04,"000734f68a",11,"B"
2017-07-04,"000734f69e",6,"D"
2018-01-17,"000734f6d3",14,"A"
2018-01-17,"000734f6d3",16,"A"
2018-08-22,"000734f6e8",13,"H"
2017-10-03,"000734f7c3",14,"M2"
2017-10-03,"000734f7c3",14,"M2"
2018-01-10,"000734f7c7",6,"M1"
2017-10-03,"000734f7f9",50,"M1"
2017-10-03,"000734f7f9",47,"M1"
2017-08-04,"000734f7fe",3,"E"
2017-08-04,"000734f7fe",3,"E"
2017-08-04,"000734f7fe",1,"E"
2017-08-04,"000734f7fe",1,"E"
2017-09-26,"000734f8dd",14,"B"
2018-09-23,"000734f8e9",3,"M1"
2018-08-18,"000734f8e9",58,"M1"
2018-05-11,"000734f92d",9,"D"
2018-01-17,"000734f92d",7,"D"
2017-09-26,"000734f92d",14,"D"
2017-08-04,"000734f92d",12,"D"
2017-07-04,"000734f92d",14,"D"
2017-07-04,"000734f92d",12,"D"
2017-08-04,"000734f9e5",2,"E"
2017-08-04,"000734f9e5",3,"E"
2017-08-04,"000734f9e5",2,"E"
2018-08-18,"000734fa37",18,"M2"
2018-08-18,"000734fa37",18,"M2"
2018-08-18,"000734fa40",53,"M1"
2018-08-18,"000734fa40",54,"M1"
2018-08-18,"000734fa40",48,"M1"
2018-10-19,"000734fa42",40,"M1"
2018-09-23,"000734fa42",16,"M1"
2018-09-23,"000734fa42",42,"M1"
2018-09-23,"000734fa42",16,"M1"
2018-09-23,"000734fa42",17,"M1"
2017-10-03,"000734fa52",17,"M1"
2017-06-01,"000734fcb7",3,"H"
2018-05-11,"000734fd81",13,"A"
2017-09-26,"000734fd82",14,"G"
2018-05-11,"000734fd8f",2,"F"
2017-09-26,"000734fd8f",6,"F"
2017-09-26,"000734fd8f",1,"F"
2017-09-26,"000734fd8f",1,"F"
2017-07-04,"000734fdca",2,"H"
2017-07-04,"000734fdca",2,"H"
2018-01-17,"000734fdd9",5,"E"
2018-01-17,"000734fdd9",5,"E"
2017-09-26,"000734fdd9",9,"E"
2017-09-26,"000734fdd9",5,"E"
2017-09-26,"000734fdd9",4,"E"
2018-01-17,"000734feb2",13,"E"
2017-09-26,"000734feb2",12,"E"
2017-09-26,"000734feb2",12,"E"
2017-09-26,"000734feb2",13,"E"
2017-08-04,"000734feb2",10,"E"
2017-08-04,"000734feb2",10,"E"
2017-08-04,"000734feb2",16,"E"
2017-08-04,"000734feb2",10,"E"
2017-09-26,"000734fef8",4,"G"
2017-09-26,"000734fef8",4,"G"
2018-08-18,"000734ff00",23,"M1"
2018-08-18,"000734ff00",19,"M1"
2018-08-18,"000734ff00",19,"M1"
2018-08-18,"000734ff00",43,"M1"
2018-01-10,"000734ff0c",6,"M1"
2017-08-04,"000734ffdc",6,"F"
2017-08-04,"000734ffe3",14,"G"
2018-05-11,"000734ffe6",8,"E"
2018-05-11,"000734ffe6",8,"E"
2018-05-11,"000734ffe6",8,"E"
2017-09-26,"000734ffec",4,"E"
2017-06-01,"00073500f5",11,"B"
2018-01-17,"0007350102",13,"D"
2017-09-26,"0007350115",3,"E"
2017-07-04,"0007350123",10,"G"
2017-09-26,"000735016f",13,"B"
2017-09-26,"000735016f",13,"B"
2018-05-11,"000735029a",2,"G"
2018-05-11,"000735029a",2,"G"
2018-08-18,"000735029d",2,"M2"
2017-09-26,"00073502aa",3,"F"
2017-09-26,"00073502aa",6,"F"
2017-09-26,"00073502aa",9,"F"
2018-05-11,"00073502ab",2,"H"
2018-05-11,"00073502ab",6,"H"
2017-09-26,"000735034b",12,"G"
2017-09-26,"0007350367",1,"H"
2017-09-26,"0007350367",3,"H"
2017-09-26,"0007350367",2,"H"
2017-09-26,"0007350374",12,"B"
2017-09-26,"0007350374",12,"B"
2017-08-04,"0007350374",14,"B"
2018-06-12,"00073503bf",1,"E"
2017-09-26,"00073503c9",10,"H"
2017-09-26,"00073503c9",11,"H"
2017-09-26,"00073503c9",11,"H"
2017-09-26,"00073503c9",12,"H"
2017-08-04,"00073503c9",9,"H"
2017-08-04,"00073503fa",12,"E"
2017-08-04,"00073503fa",12,"E"
2017-08-04,"00073503fa",12,"E"
2017-08-04,"00073503fa",12,"E"
2017-07-04,"00073503fa",9,"E"
2018-01-10,"00073503fc",26,"M1"
2018-01-10,"00073503fc",24,"M1"
2017-10-03,"00073503fc",32,"M1"
2017-10-03,"00073503fc",28,"M1"
2017-10-03,"000735040b",5,"M1"
2018-05-08,"00073504c1",22,"M2"
2018-01-10,"00073504c1",23,"M2"
2018-01-10,"00073504c1",24,"M2"
2017-10-03,"00073504c1",12,"M2"
2017-10-03,"00073504c1",12,"M2"
2017-08-01,"00073504c1",12,"M2"
2017-09-26,"00073505b3",9,"F"
2017-09-26,"00073505b3",9,"F"
2017-09-26,"00073505b3",9,"F"
2017-08-04,"00073505b3",4,"F"
2017-08-04,"00073505b3",4,"F"
2017-08-04,"00073505b3",6,"F"
2017-07-04,"00073505b3",2,"F"
2017-07-04,"00073505b3",6,"F"
2017-07-04,"00073505b3",2,"F"
2017-07-04,"00073505b3",7,"F"
2017-07-04,"00073505b3",2,"F"
2017-07-04,"00073505be",6,"G"
2018-06-12,"00073505ca",11,"H"
2018-06-12,"00073505ca",2,"H"
2018-06-12,"00073505ca",9,"H"
2018-06-12,"00073505ca",9,"H"
2018-05-11,"00073505ca",6,"H"
2018-05-11,"00073505ca",3,"H"
2018-05-11,"00073505ca",2,"H"
2018-05-11,"00073505ca",8,"H"
2017-09-26,"00073505ca",8,"H"
2017-10-03,"00073505d4",8,"M2"
2017-09-26,"0007350649",14,"E"
2017-09-26,"0007350649",4,"E"
2017-09-26,"0007350649",7,"E"
2017-09-26,"0007350649",7,"E"
2017-08-04,"0007350649",6,"E"
2018-08-22,"000735065e",2,"D"
2018-08-22,"000735065e",9,"D"
2018-08-22,"000735065e",15,"D"
2018-07-17,"000735065e",12,"D"
2018-07-17,"000735065e",3,"D"
2018-07-17,"000735065e",3,"D"
2018-06-12,"000735065e",6,"D"
2018-06-12,"000735065e",10,"D"
2018-06-12,"000735065e",13,"D"
2018-06-12,"000735065e",11,"D"
2018-05-11,"000735065e",14,"D"
2018-05-11,"000735065e",11,"D"
2018-05-11,"000735065e",7,"D"
2018-01-17,"000735065e",9,"D"
2017-09-26,"0007350678",11,"H"
2018-01-10,"0007350686",41,"M1"
2018-01-10,"0007350686",41,"M1"
2017-08-04,"000735077c",13,"H"
2018-01-10,"0007350784",24,"M1"
2018-01-10,"0007350784",36,"M1"
2018-01-10,"0007350784",23,"M1"
2018-01-10,"0007350784",24,"M1"
2017-10-03,"0007350784",36,"M1"
2017-10-03,"0007350784",23,"M1"
2017-10-03,"0007350784",36,"M1"
2017-08-01,"000735083d",20,"M2"
2017-08-01,"000735083d",25,"M2"
2017-08-01,"000735083d",19,"M2"
2017-09-26,"00073508a2",4,"B"
2017-09-26,"00073508a5",8,"B"
2017-09-26,"00073508a5",8,"B"
2017-09-26,"00073508a5",11,"B"
2018-05-11,"00073508a7",4,"G"
2018-05-11,"00073508a7",4,"G"
2018-05-11,"00073508a7",4,"G"
2017-09-26,"00073508a7",16,"G"
2018-01-17,"00073508c4",12,"G"
2018-01-17,"00073508c4",12,"G"
2017-09-26,"00073508c4",11,"G"
2017-09-26,"00073508c4",12,"G"
2017-09-26,"00073508cc",3,"B"
2017-09-26,"00073508cc",11,"B"
2017-09-26,"00073508cc",11,"B"
2017-09-26,"00073508cc",7,"B"
2017-09-26,"00073508cc",10,"B"
2017-08-04,"00073508cc",7,"B"
2017-08-04,"00073508d5",2,"E"
2018-05-11,"00073508e2",3,"A"
2018-07-17,"0007350996",14,"E"
2018-07-17,"0007350996",14,"E"
2018-07-17,"0007350996",14,"E"
2018-06-12,"0007350996",12,"E"
2018-05-11,"0007350996",12,"E"
2017-10-03,"0007350997",32,"M2"
2017-10-03,"0007350997",27,"M2"
2017-07-04,"000735099e",8,"B"
2018-05-08,"00073509a3",3,"M1"
2017-08-04,"00073509f1",13,"H"
2017-10-03,"00073509fa",53,"M1"
2017-09-26,"0007350a0a",8,"B"
2017-08-04,"0007350a89",8,"H"
2017-08-04,"0007350ab0",3,"F"
2017-08-04,"0007350ab0",3,"F"
2017-10-03,"0007350ac0",9,"M2"
2017-09-26,"0007350acf",16,"D"
2017-08-04,"0007350acf",14,"D"
2017-09-26,"0007350ad6",4,"E"
2017-09-26,"0007350ad6",2,"E"
2017-09-26,"0007350ad6",3,"E"
2017-09-26,"0007350ad6",1,"E"
2017-08-04,"0007350ad6",1,"E"
2017-08-04,"0007350ad6",1,"E"
2017-08-04,"0007350ad6",1,"E"
2017-08-04,"0007350ad6",2,"E"
2017-08-01,"0007350ae0",13,"M2"
2017-08-01,"0007350ae0",10,"M1"
2017-08-01,"0007350ae0",12,"M1"
2018-01-17,"0007350b34",8,"H"
2017-09-26,"0007350b34",8,"H"
2017-09-26,"0007350b34",5,"H"
2017-09-26,"0007350b34",8,"H"
2017-09-26,"0007350b34",8,"H"
2017-08-04,"0007350b34",9,"H"
2017-08-04,"0007350b34",9,"H"
2017-08-04,"0007350b34",8,"H"
2017-07-04,"0007350b34",8,"H"
2017-07-04,"0007350b34",8,"H"
2017-07-04,"0007350b34",8,"H"
2017-08-04,"0007350b3a",4,"E"
2017-08-04,"0007350b3a",3,"E"
2017-07-04,"0007350b4f",1,"H"
2017-07-04,"0007350b4f",13,"H"
2017-06-01,"0007350b4f",2,"H"
2017-08-04,"0007350b66",11,"H"
2017-08-04,"0007350b66",11,"H"
2017-10-03,"0007350bea",5,"M2"
2017-09-26,"0007350c0b",11,"D"
2017-09-26,"0007350c0b",16,"D"
2017-08-04,"0007350c0b",3,"D"
2017-08-04,"0007350c0b",14,"D"
2017-07-04,"0007350c0b",13,"D"
2018-09-29,"0007350c20",7,"D"
2018-09-29,"0007350c20",8,"D"
2018-09-29,"0007350c20",8,"D"
2018-08-22,"0007350c20",8,"D"
2018-08-22,"0007350c20",8,"D"
2018-07-17,"0007350c20",8,"D"
2018-07-17,"0007350c20",8,"D"
2018-06-12,"0007350c20",8,"D"
2018-06-12,"0007350c20",8,"D"
2018-05-11,"0007350c20",7,"D"
2017-09-26,"0007350c6c",5,"H"
2017-09-26,"0007350c6c",5,"H"
2017-08-04,"0007350c6c",8,"H"
2017-07-04,"0007350c74",10,"D"
2017-07-04,"0007350c74",11,"D"
2017-09-26,"0007350cf0",16,"E"
2018-08-18,"0007350d05",12,"M2"
2017-06-01,"0007350d25",11,"B"
2017-07-04,"0007350d2b",3,"F"
2017-07-04,"0007350d2b",2,"F"
2017-07-04,"0007350d2b",3,"F"
2017-07-04,"0007350d2b",6,"F"
2017-10-03,"0007350d4d",21,"M1"
2017-09-26,"0007350d62",4,"H"
2017-09-26,"0007350d62",3,"H"
2017-09-26,"0007350d62",4,"H"
2017-09-26,"0007350d62",3,"H"
2018-05-11,"0007350d66",8,"D"
2018-05-11,"0007350d66",7,"D"
2018-05-11,"0007350d66",7,"D"
2018-05-11,"0007350d66",8,"D"
2018-01-17,"0007350d66",8,"D"
2017-09-26,"0007350d66",8,"D"
2017-08-04,"0007350d66",7,"D"
2018-01-10,"0007350da1",58,"M1"
2017-09-26,"0007350db0",7,"B"
2019-01-15,"0007350dbe",24,"M2"
2018-12-14,"0007350dbe",27,"M2"
2018-08-18,"0007350dbe",23,"M2"
2017-10-03,"0007350dd7",6,"M1"
2018-05-08,"0007350df4",4,"M2"
2018-01-10,"0007350eeb",26,"M1"
2018-08-18,"0007350f80",13,"M2"
2018-06-12,"0007350f83",2,"H"
2018-06-12,"0007350f83",1,"H"
2018-06-12,"0007350f83",1,"H"
2018-05-11,"0007350f83",2,"H"
2018-05-11,"0007350f83",11,"H"
2018-05-11,"0007350f83",4,"H"
2018-01-17,"0007350f83",8,"H"
2017-09-26,"0007350f83",6,"H"
2017-09-26,"0007350f83",5,"H"
2017-09-26,"0007350f83",8,"H"
2017-08-04,"0007350f83",8,"H"
2017-07-04,"000735101b",1,"E"
2017-07-04,"000735101b",4,"E"
2017-08-04,"0007351023",8,"B"
2018-05-11,"0007351049",14,"D"
2018-05-11,"0007351049",7,"D"
2018-01-17,"0007351182",13,"D"
2017-09-26,"0007351184",4,"F"
2017-09-26,"0007351184",4,"F"
2017-08-04,"0007351184",6,"F"
2017-08-04,"0007351184",6,"F"
2017-08-04,"0007351184",2,"F"
2017-08-04,"0007351184",14,"F"
2018-06-12,"000735118e",16,"D"
2018-06-12,"000735118e",15,"D"
2018-06-12,"000735118e",10,"D"
2018-06-12,"000735118e",13,"D"
2018-06-12,"000735118e",10,"D"
2018-05-11,"000735118e",14,"D"
2018-05-11,"000735118e",10,"D"
2018-05-11,"000735118e",11,"D"
2018-01-17,"000735118e",15,"D"
2018-01-17,"000735118e",11,"D"
2018-01-17,"000735118e",13,"D"
2017-09-26,"000735118e",10,"D"
2017-09-26,"000735118e",13,"D"
2017-09-26,"000735118e",12,"D"
2017-07-04,"0007351190",14,"D"
2017-07-04,"0007351190",11,"D"
2017-10-03,"000735123d",43,"M1"
2017-10-03,"000735123d",41,"M1"
2018-08-18,"0007351248",21,"M2"
2018-01-17,"0007351258",9,"E"
2018-01-17,"0007351258",10,"E"
2017-09-26,"0007351258",9,"E"
2017-09-26,"0007351258",10,"E"
2017-09-26,"0007351258",12,"E"
2017-09-26,"0007351258",14,"E"
2017-08-04,"0007351258",6,"E"
2017-08-04,"0007351258",6,"E"
2017-09-26,"000735125b",11,"F"
2017-09-26,"000735125b",16,"F"
2017-09-26,"00073512ad",7,"B"
2017-09-26,"00073512ad",7,"B"
2018-01-17,"00073512b2",3,"A"
2018-08-22,"00073512c6",11,"G"
2018-08-22,"00073512c6",13,"G"
2017-06-01,"00073512da",2,"H"
2017-10-03,"000735135d",19,"M1"
2017-10-03,"000735135d",43,"M1"
2017-10-03,"000735135d",42,"M1"
2018-01-17,"000735135e",14,"A"
2018-05-11,"0007351417",5,"H"
2017-09-26,"0007351495",15,"E"
2017-09-26,"0007351495",16,"E"
2017-08-04,"0007351495",12,"E"
2017-08-04,"0007351495",16,"E"
2017-08-04,"0007351495",16,"E"
2018-01-17,"0007351497",14,"A"
2018-01-17,"0007351497",14,"A"
2018-01-17,"0007351497",15,"A"
2017-10-03,"00073514bc",21,"M2"
2018-01-10,"00073514e4",21,"M1"
2017-10-03,"00073514e4",16,"M1"
2017-10-03,"00073514e4",21,"M1"
2017-08-04,"000735150e",7,"B"
2017-08-04,"000735150e",4,"B"
2017-08-04,"000735150e",6,"B"
2017-08-04,"000735150e",5,"B"
2017-07-04,"000735150e",3,"B"
2017-07-04,"000735150e",3,"B"
2017-07-04,"000735150e",5,"B"
2017-06-01,"000735150e",8,"B"
2017-06-01,"000735150e",3,"B"
2017-06-01,"000735150e",8,"B"
2017-09-26,"0007351514",5,"D"
2017-09-26,"0007351514",9,"D"
2017-09-26,"0007351514",8,"D"
2017-07-04,"0007351544",11,"G"
2017-07-04,"0007351544",14,"G"
2017-07-04,"0007351544",14,"G"
2017-07-04,"0007351544",8,"G"
2017-09-26,"000735158e",7,"E"
2018-01-10,"00073515c1",2,"M1"
2018-01-10,"00073515c1",2,"M1"
2017-09-26,"00073515e3",11,"B"
2017-10-03,"000735160d",58,"M1"
2018-07-17,"0007351685",2,"H"
2017-10-03,"000735168b",3,"M2"
2018-01-17,"0007351695",11,"G"
2018-01-17,"0007351695",11,"G"
2018-01-17,"0007351695",12,"G"
2017-09-26,"0007351695",8,"G"
2017-09-26,"000735169d",3,"D"
2018-08-18,"00073516ad",7,"M1"
2018-08-18,"00073516ad",49,"M1"
2017-09-26,"00073516e2",14,"H"
2017-09-26,"00073516e2",10,"H"
2017-09-26,"00073516e2",14,"H"
2017-09-26,"00073516e2",3,"H"
2017-08-04,"00073516e2",14,"H"
2017-08-04,"00073516e2",12,"H"
2017-08-04,"00073516e2",16,"H"
2018-01-10,"0007351797",36,"M1"
2017-06-01,"00073517b2",9,"E"
2018-01-17,"00073517c7",3,"G"
2017-09-26,"00073517c7",3,"G"
2017-07-04,"0007351855",6,"E"
2018-05-08,"0007351866",38,"M2"
2017-10-03,"0007351866",38,"M2"
2017-10-03,"0007351871",7,"M2"
2017-08-04,"0007351895",16,"E"
2018-05-11,"00073518e3",12,"D"
2018-05-11,"00073518e3",11,"D"
2017-09-26,"00073518ee",7,"B"
2017-08-04,"0007351924",1,"F"
2017-07-04,"0007351924",1,"F"
2017-07-04,"0007351924",6,"F"
2017-10-03,"00073519ac",10,"M2"
2017-10-03,"00073519b0",40,"M2"
2017-07-04,"00073519bc",6,"D"
2017-07-04,"00073519bc",7,"D"
2017-07-04,"00073519bc",7,"D"
2017-07-04,"00073519bc",6,"D"
2017-06-01,"0007351a26",8,"B"
2017-09-26,"0007351aee",12,"F"
2017-09-26,"0007351aee",12,"F"
2017-08-04,"0007351aee",12,"F"
2017-07-04,"0007351b11",9,"H"
2017-09-26,"0007351b1a",8,"B"
2017-09-26,"0007351b1a",10,"B"
2017-07-04,"0007351b57",16,"F"
2017-07-04,"0007351b57",1,"F"
2017-07-04,"0007351b57",3,"F"
2017-08-04,"0007351b74",13,"H"
2018-09-29,"0007351bb5",10,"A"
2018-09-29,"0007351bb5",8,"A"
2018-09-29,"0007351bb5",10,"A"
2018-09-29,"0007351bb5",8,"A"
2018-08-22,"0007351bb5",16,"A"
2018-08-22,"0007351bb5",7,"A"
2018-08-22,"0007351bb5",9,"A"
2018-07-17,"0007351bb5",2,"A"
2018-07-17,"0007351bb5",5,"A"
2018-07-17,"0007351bb5",7,"A"
2018-06-12,"0007351bb5",12,"A"
2018-06-12,"0007351bb5",11,"A"
2018-06-12,"0007351bb5",7,"A"
2018-06-12,"0007351bb5",11,"A"
2018-05-11,"0007351bb5",12,"A"
2018-05-11,"0007351bb5",2,"A"
2017-09-26,"0007351c49",12,"B"
2017-09-26,"0007351c49",13,"B"
2017-07-04,"0007351c64",9,"B"
2017-07-04,"0007351c64",9,"B"
2017-09-26,"0007351c73",12,"E"
2017-09-26,"0007351c73",9,"E"
2017-08-04,"0007351c73",10,"E"
2017-08-04,"0007351c73",9,"E"
2017-08-04,"0007351c73",10,"E"
2017-08-04,"0007351c73",9,"E"
2017-08-04,"0007351cab",12,"E"
2017-10-03,"0007351cad",26,"M2"
2017-10-03,"0007351cad",26,"M2"
2017-10-03,"0007351cad",27,"M2"
2018-01-10,"0007351d56",58,"M1"
2017-09-26,"0007351ee8",1,"B"
2017-09-26,"0007351ee8",1,"B"
2017-09-26,"0007351f2f",11,"H"
2017-08-04,"0007352156",2,"E"
2017-07-04,"0007352164",12,"E"
2017-07-04,"0007352164",12,"E"
2017-07-04,"0007352164",12,"E"
2018-05-08,"00073521b6",8,"M2"
2018-01-10,"00073521b6",8,"M2"
2018-01-10,"00073521b6",8,"M2"
2017-10-03,"00073521b6",7,"M2"
2018-01-17,"00073521bf",4,"G"
2017-09-26,"00073521bf",3,"G"
2017-09-26,"00073521bf",3,"G"
2017-09-26,"00073521bf",4,"G"
2017-09-26,"00073521bf",3,"G"
2018-01-10,"00073521c5",18,"M1"
2018-01-10,"00073521c5",43,"M1"
2018-01-10,"00073521c5",16,"M1"
2017-10-03,"00073521c5",43,"M1"
2017-10-03,"00073521c5",19,"M1"
2017-09-26,"00073521ca",1,"E"
2017-10-03,"00073523d8",9,"M2"
2017-08-04,"00073523eb",13,"D"
2017-09-26,"00073523f3",14,"B"
2017-09-26,"00073523f3",4,"B"
2017-08-04,"00073523f3",13,"B"
2017-08-04,"00073523f3",5,"B"
2017-08-04,"00073523f3",13,"B"
2017-07-04,"00073523f3",5,"B"
2017-07-04,"00073523f3",13,"B"
2017-07-04,"00073523f3",13,"B"
2018-01-10,"00073523f6",36,"M1"
2018-01-10,"00073523f6",36,"M1"
2017-10-03,"00073523f6",21,"M1"
2017-10-03,"00073523f6",34,"M1"
2018-01-17,"00073523fa",5,"A"
2017-06-01,"0007352699",13,"G"
2017-06-01,"0007352699",12,"G"
2017-06-01,"0007352699",12,"G"
2017-06-01,"0007352699",12,"G"
2017-10-03,"000735269d",22,"M1"
2017-10-03,"000735269d",21,"M1"
2018-01-17,"0007352898",16,"D"
2018-01-17,"0007352898",7,"D"
2018-01-17,"0007352898",13,"D"
2017-09-26,"0007352898",12,"D"
2017-08-04,"0007352898",9,"D"
2017-08-04,"0007352898",8,"D"
2017-08-04,"0007352898",9,"D"
2018-05-11,"00073528ad",13,"B"
2018-01-17,"00073528b6",3,"G"
2017-09-26,"00073528b6",3,"G"
2017-09-26,"00073528b6",2,"G"
2017-09-26,"00073528b6",6,"G"
2017-09-26,"00073528b6",4,"G"
2017-09-26,"00073528b6",5,"G"
2017-08-04,"00073528b6",14,"G"
2017-08-04,"00073528b6",1,"G"
2017-08-04,"00073528b6",14,"G"
2017-08-04,"00073528b6",1,"G"
2017-07-04,"00073528b6",13,"G"
2017-07-04,"00073528b6",14,"G"
2018-05-11,"00073528c1",5,"G"
2018-05-11,"00073528c1",14,"G"
2018-06-12,"000735290b",1,"G"
2017-09-26,"000735290b",1,"G"
2017-10-03,"0007352b09",2,"M2"
2018-01-17,"0007352b6b",15,"A"
2017-09-26,"0007352b8b",7,"E"
2017-09-26,"0007352b8b",9,"E"
2017-09-26,"0007352b8b",8,"E"
2017-08-04,"0007352b8b",6,"E"
2017-08-01,"0007352d99",16,"M2"
2018-01-10,"0007352dda",10,"M1"
2018-01-10,"0007352dda",7,"M1"
2018-01-10,"0007352dda",7,"M1"
2017-10-03,"0007352dda",10,"M1"
2017-10-03,"0007352dda",7,"M1"
2018-01-17,"0007353001",7,"D"
2018-01-17,"0007353001",8,"D"
2017-09-26,"0007353001",4,"D"
2017-09-26,"0007353001",4,"D"
2017-09-26,"0007353001",14,"D"
2017-09-26,"0007353001",3,"D"
2017-08-04,"0007353001",9,"D"
2017-08-04,"0007353001",5,"D"
2017-08-04,"0007353001",9,"D"
2017-08-04,"0007353001",10,"D"
2017-10-03,"0007353002",5,"M2"
2017-10-03,"0007353002",5,"M2"
2017-07-04,"0007353011",13,"H"
2017-07-04,"0007353011",13,"H"
2017-07-04,"0007353011",11,"H"
2017-07-04,"0007353011",11,"H"
2017-08-04,"000735306e",12,"D"
2017-08-04,"000735306e",9,"D"
2018-05-11,"0007353258",3,"F"
2017-09-26,"000735325c",13,"F"
2018-01-10,"0007353275",13,"M1"
2018-01-10,"0007353275",11,"M1"
2018-01-10,"0007353275",13,"M1"
2017-09-26,"00073532bb",2,"F"
2017-09-26,"00073532bb",4,"E"
2017-09-26,"00073532bb",3,"E"
2017-09-26,"00073532bb",1,"E"
2017-08-04,"00073532bb",4,"E"
2017-08-04,"00073532bb",4,"E"
2017-08-04,"00073532bb",6,"E"
2017-07-04,"00073534c5",6,"F"
2017-07-04,"00073534c5",6,"F"
2018-01-10,"0007353525",6,"M1"
2017-10-03,"0007353525",54,"M1"
2017-09-26,"0007353534",12,"G"
2018-01-17,"0007353552",11,"G"
2018-01-17,"0007353552",12,"G"
2018-01-17,"0007353552",11,"G"
2018-01-17,"0007353552",11,"G"
2017-09-26,"0007353552",9,"G"
2017-09-26,"0007353552",6,"G"
2017-09-26,"0007353552",10,"G"
2017-06-01,"0007353699",13,"G"
2017-06-01,"0007353699",10,"G"
2017-10-03,"000735373b",29,"M1"
2017-10-03,"000735373b",32,"M1"
2017-09-26,"0007353763",6,"F"
2017-09-26,"0007353763",2,"F"
2017-09-26,"0007353763",1,"F"
2017-09-26,"000735379b",2,"H"
2017-08-04,"000735379b",14,"H"
2018-05-11,"00073537a2",13,"B"
2018-05-08,"0007353a0c",27,"M2"
2017-10-03,"0007353a0c",20,"M2"
2017-10-03,"0007353a0c",23,"M2"
2017-10-03,"0007353a0c",20,"M2"
2017-09-26,"0007353a35",4,"H"
2017-07-04,"0007353c41",6,"E"
2018-05-08,"0007353c85",25,"M2"
2018-05-08,"0007353c85",25,"M2"
2018-01-10,"0007353c85",27,"M2"
2018-01-10,"0007353c85",27,"M2"
2017-10-03,"0007353c85",24,"M2"
2017-10-03,"0007353c85",25,"M2"
2017-10-03,"0007353c85",24,"M2"
2017-09-26,"0007353c8b",4,"D"
2017-08-04,"0007353eb5",12,"F"
2017-08-04,"0007353eb5",12,"F"
2017-08-01,"0007353f0a",18,"M2"
2018-01-10,"0007353f17",57,"M1"
2018-05-11,"0007354115",1,"F"
2018-05-11,"0007354115",1,"F"
2017-10-03,"00073543ef",34,"M1"
2017-10-03,"00073543ef",26,"M1"
2017-10-03,"00073543ef",27,"M1"
2017-07-04,"00073543f2",3,"D"
2017-07-04,"00073543f2",8,"D"
2017-07-04,"0007354409",5,"B"
2018-06-05,"000735460e",5,"M2"
2017-09-26,"000735470b",14,"G"
2017-09-26,"000735470b",16,"G"
2017-09-26,"000735470b",16,"G"
2017-08-04,"000735470b",4,"G"
2017-08-04,"000735470b",4,"G"
2017-08-04,"000735470b",3,"G"
2017-08-04,"000735470b",3,"G"
2017-07-04,"000735470b",8,"G"
2017-07-04,"000735470b",6,"G"
2017-07-04,"000735470b",5,"G"
2017-07-04,"000735470b",8,"G"
2017-06-01,"000735470b",12,"G"
2017-06-01,"000735470b",14,"G"
2017-06-01,"000735470b",13,"G"
2017-08-04,"0007354882",14,"B"
2017-08-04,"0007354882",14,"B"
2017-06-01,"0007354882",8,"B"
2017-06-01,"0007354882",8,"B"
2017-10-03,"0007354af4",43,"M2"
2017-10-03,"0007354af4",20,"M2"
2018-08-18,"0007354af8",36,"M2"
2018-01-10,"0007354b54",11,"M1"
2018-01-10,"0007354b54",11,"M1"
2018-01-10,"0007354b54",11,"M1"
2018-01-10,"0007354b54",11,"M1"
2017-10-03,"0007354b54",13,"M1"
2017-09-26,"0007354d51",10,"G"
2017-08-04,"0007354d51",13,"G"
2017-08-04,"0007354d51",13,"G"
2017-08-04,"0007354d51",11,"G"
2017-08-04,"0007354d51",15,"G"
2017-07-04,"0007354d6d",12,"F"
2017-07-04,"0007354d6d",1,"F"
2017-07-04,"0007354d6d",6,"F"
2017-09-26,"0007354d75",6,"G"
2017-09-26,"0007354d75",15,"G"
2017-09-26,"0007354d75",10,"G"
2017-09-26,"0007354d75",15,"G"
2017-08-01,"0007354db3",9,"M2"
2017-08-04,"0007354dc8",10,"H"
2017-08-04,"0007354dc8",3,"H"
2017-08-04,"0007354dc8",1,"H"
2017-08-04,"0007354dc8",2,"H"
2017-09-26,"0007354dcf",1,"F"
2017-09-26,"0007354dcf",6,"F"
2018-05-11,"0007355253",6,"D"
2018-05-11,"0007355253",3,"D"
2018-05-11,"0007355253",3,"D"
2017-09-26,"0007355295",13,"D"
2017-08-04,"0007355295",14,"D"
2017-09-26,"00073554e2",12,"F"
2017-09-26,"00073554e2",12,"F"
2018-01-17,"000735551e",7,"D"
2018-09-29,"0007355765",6,"D"
2018-09-29,"0007355765",6,"D"
2018-08-22,"0007355765",12,"D"
2018-07-17,"0007355765",4,"D"
2018-07-17,"0007355765",12,"D"
2018-07-17,"0007355765",14,"D"
2018-06-12,"0007355765",6,"D"
2018-05-11,"0007355765",12,"D"
2018-05-11,"0007355765",12,"D"
2018-05-11,"0007355765",14,"D"
2018-05-11,"0007355765",12,"D"
2018-06-12,"0007355779",8,"D"
2018-06-12,"0007355779",7,"D"
2018-06-12,"0007355779",8,"D"
2018-06-12,"0007355779",8,"D"
2018-05-11,"0007355779",3,"D"
2018-05-11,"0007355779",4,"D"
2018-05-11,"0007355779",6,"D"
2018-05-11,"0007355779",7,"D"
2018-01-17,"0007355779",15,"D"
2018-01-17,"0007355779",4,"D"
2018-01-17,"0007355779",15,"D"
2017-09-26,"0007355779",4,"D"
2017-09-26,"0007355779",16,"D"
2017-09-26,"0007355779",7,"D"
2017-08-04,"0007355779",9,"D"
2017-08-04,"0007355779",7,"D"
2017-08-04,"0007355779",7,"D"
2017-07-04,"0007355779",15,"D"
2017-09-26,"00073557bc",4,"B"
2017-09-26,"00073557bc",4,"B"
2017-09-26,"00073557bc",9,"B"
2017-08-04,"00073557bc",4,"B"
2017-08-04,"00073557bc",9,"B"
2017-10-03,"00073557be",4,"M2"
2018-01-10,"0007355a53",41,"M1"
2018-01-10,"0007355a53",41,"M1"
2018-01-10,"0007355a53",43,"M1"
2017-10-03,"0007355a53",2,"M1"
2017-07-04,"0007355f1e",7,"F"
2017-10-03,"0007355f8c",32,"M2"
2017-06-01,"00073576d7",9,"H"
2017-06-01,"000735917d",8,"B"
2017-09-26,"0007359288",9,"E"
2017-09-26,"0007359288",11,"E"
2017-08-04,"0007359288",14,"E"
2017-08-04,"0007359288",15,"E"
2017-08-04,"0007359288",16,"E"
2017-07-04,"0007359288",9,"E"
2017-07-04,"0007359288",12,"E"
2017-07-04,"0007359288",12,"E"
2017-06-01,"0007359288",9,"E"
2017-06-01,"0007359288",9,"E"
2017-06-01,"0007359288",7,"E"
2017-09-26,"00073592d6",5,"G"
2017-09-26,"00073592d6",5,"G"
2017-09-26,"00073592d6",5,"G"
2017-08-04,"00073592d6",12,"G"
2017-08-04,"00073592d6",13,"G"
2017-07-04,"00073592d6",14,"G"
2017-07-04,"00073592d6",8,"G"
2017-07-04,"00073592d6",8,"G"
2017-07-04,"00073592d6",14,"G"
2017-07-04,"00073592d6",5,"G"
2017-06-01,"00073592d6",14,"G"
2017-06-01,"00073592d6",10,"G"
2017-06-01,"00073592d6",13,"G"
2017-06-01,"000735a2b8",8,"B"
2017-06-01,"000735a2b8",8,"B"
2017-06-01,"000735a2b8",11,"B"
2017-06-01,"000735a5f5",9,"H"
2017-06-01,"000735a5f5",9,"H"
2017-06-01,"000735a5f5",9,"H"
2017-06-01,"000735c0b0",7,"G"
2017-06-01,"000735c0b0",7,"G"
2017-07-04,"000735c466",1,"G"
2017-07-04,"000735c466",2,"G"
2017-07-04,"000735c466",2,"G"
2017-06-01,"000735c466",7,"G"
2017-06-01,"000735c466",14,"G"
2017-06-01,"000735c466",10,"G"
2018-11-23,"00079ea8a7",8,"H"
2018-07-17,"00079ea8a7",13,"H"
2018-07-17,"00079ea8a7",11,"H"
2019-05-10,"00079eb196",9,"B"
2019-04-12,"00079eb196",8,"B"
2018-11-16,"0007a04048",11,"M2"
2019-11-12,"0007a0999a",16,"H1"
2019-10-15,"0007a0999a",7,"H1"
2019-10-15,"0007a0999a",16,"H1"
2018-11-23,"0007a09e32",7,"D"
2018-10-26,"0007a09e32",3,"D"
2018-10-26,"0007a09e32",7,"D"
2018-09-29,"0007a09e32",10,"D"
2018-09-29,"0007a09e32",12,"D"
2018-08-22,"0007a09e32",14,"D"
2018-08-22,"0007a09eed",3,"D"
2018-08-22,"0007a09eed",11,"D"
2018-08-22,"0007a09eed",10,"D"
2019-03-15,"0007a09f6d",29,"M1"
2019-10-22,"0007a0a0b3",27,"M2"
2019-10-22,"0007a0a0b3",29,"M2"
2019-08-14,"0007a0a0b3",30,"M2"
2019-08-14,"0007a0a0fd",3,"H"
2018-11-16,"0007a0a588",2,"M1"
2018-11-16,"0007a0a588",2,"M1"
2018-11-16,"0007a0a588",4,"M1"
2018-11-16,"0007a0a588",1,"M1"
2018-10-19,"0007a0a588",3,"M1"
2018-10-19,"0007a0a588",58,"M1"
2019-10-15,"0007a0a5ac",1,"H2"
2019-10-15,"0007a0a8d0",5,"D"
2019-09-18,"0007a0a8d0",8,"D"
2019-09-18,"0007a0a8d0",8,"D"
2020-06-16,"0007a0a9fb",5,"H2"
2020-06-16,"0007a0ada3",6,"B"
2020-06-16,"0007a0ada3",6,"B"
2020-03-10,"0007a0ae0b",12,"B"
2019-12-08,"0007a0ae0b",12,"B"
2019-12-08,"0007a0ae0b",12,"B"
2019-11-12,"0007a0ae0b",11,"B"
2019-04-19,"0007a0b32c",2,"M1"
2019-04-19,"0007a0b32c",2,"M1"
2019-04-19,"0007a0b32c",60,"M1"
2019-02-15,"0007a0b32c",3,"M1"
2019-02-15,"0007a0b32c",1,"M1"
2019-02-15,"0007a0b32c",3,"M1"
2019-01-15,"0007a0b32c",60,"M1"
2019-01-15,"0007A0B32C",59,"M1"
2018-09-29,"0007a0b437",5,"A"
2018-09-29,"0007a0b437",9,"A"
2018-09-29,"0007a0b437",8,"A"
2018-08-22,"0007a0b437",1,"A"
2018-08-22,"0007a0b437",2,"A"
2020-06-16,"0007a0bc6a",12,"D"
2018-11-23,"0007a0bcf1",3,"D"
2018-11-23,"0007a0bcf1",8,"D"
2018-11-23,"0007a0bcf1",12,"D"
2018-10-26,"0007a0bcf1",13,"D"
2020-03-10,"0007a0c2da",7,"D"
2020-03-10,"0007a0c2da",7,"D"
2019-12-08,"0007a0c2da",8,"D"
2019-12-08,"0007a0c3c4",9,"A"
2020-06-16,"0007a0c3e9",1,"F"
2018-12-18,"0007a0c3f4",13,"G"
2018-08-22,"0007a0c8b4",7,"B"
2018-07-17,"0007a0c8b4",5,"B"
2018-12-18,"0007a0c8be",5,"D"
2018-09-29,"0007a0cb38",1,"A"
2019-09-25,"0007a0d1a9",43,"M2"
2019-10-15,"0007a0d2c2",8,"A"
2019-10-15,"0007a0d2c2",12,"A"
2019-10-15,"0007a0d2c2",11,"A"
2018-09-29,"0007a0d456",6,"B"
2018-08-22,"0007a0d456",12,"B"
2018-08-22,"0007a0d456",12,"B"
2018-08-22,"0007a0d456",10,"B"
2018-07-17,"0007a0d906",14,"G"
2018-07-17,"0007a0d906",12,"G"
2018-07-17,"0007a0d906",12,"G"
2018-07-17,"0007a0d906",8,"G"
2018-07-17,"0007a0d906",8,"G"
2018-06-12,"0007a0d906",4,"G"
2018-06-12,"0007a0d906",14,"G"
2018-06-12,"0007a0d906",5,"G"
2018-09-29,"0007a0d9f9",14,"H"
2018-09-29,"0007a0d9f9",14,"H"
2018-09-29,"0007a0d9f9",14,"H"
2018-09-29,"0007a0d9f9",14,"H"
2019-11-19,"0007a0dc19b",36,"M1"
2020-05-08,"0007a0dc1b",59,"M1"
2020-05-08,"0007a0dc1b",59,"M1"
2020-04-09,"0007a0dc1b",5,"M1"
2020-04-09,"0007a0dc1b",19,"M1"
2020-04-09,"0007a0dc1b",11,"M1"
2020-04-09,"0007a0dc1b",9,"M1"
2020-04-09,"0007a0dc1b",11,"M1"
2020-03-03,"0007a0dc1b",19,"M1"
2020-03-03,"0007a0dc1b",41,"M1"
2020-03-03,"0007a0dc1b",41,"M1"
2020-03-03,"0007a0dc1b",23,"M1"
2020-03-03,"0007a0dc1b",36,"M1"
2020-03-03,"0007a0dc1b",16,"M1"
2020-02-12,"0007a0dc1b",19,"M1"
2020-02-12,"0007a0dc1b",23,"M1"
2020-02-12,"0007a0dc1b",21,"M1"
2019-12-17,"0007a0dc1b",24,"M1"
2019-12-17,"0007a0dc1b",19,"M1"
2019-12-17,"0007a0dc1b",22,"M1"
2019-11-19,"0007a0dc1b",24,"M1"
2019-11-19,"0007a0dc1b",24,"M1"
2019-11-19,"0007a0dc1b",26,"M1"
2019-10-22,"0007a0dc1b",10,"M1"
2019-10-22,"0007a0dc1b",44,"M1"
2020-04-09,"0007a0dc63",6,"M2"
2020-04-09,"0007a0dc63",5,"M2"
2020-04-09,"0007a0dc63",4,"M2"
2020-04-09,"0007a0dc63",6,"M2"
2020-03-03,"0007a0dc63",4,"M2"
2020-03-03,"0007a0dc63",7,"M2"
2020-02-12,"0007a0dc63",6,"M2"
2020-02-12,"0007a0dc63",4,"M2"
2020-02-12,"0007a0dc63",5,"M2"
2020-02-12,"0007a0dc63",4,"M2"
2019-12-17,"0007a0dc63",4,"M2"
2019-12-17,"0007a0dc63",5,"M2"
2019-12-17,"0007a0dc63",5,"M2"
2019-12-17,"0007a0dc63",5,"M2"
2019-12-17,"0007a0dc63",4,"M2"
2019-11-19,"0007a0dc63",4,"M2"
2019-11-19,"0007a0dc63",4,"M2"
2019-10-22,"0007a0dc63",2,"M2"
2019-10-22,"0007a0dc63",8,"M2"
2019-10-22,"0007a0dc63",5,"M2"
2019-10-22,"0007a0dc63",5,"M2"
2019-09-25,"0007a0dc63",2,"M2"
2019-09-25,"0007a0dc63",2,"M2"
2019-12-17,"0007a0dcb2",12,"M2"
2019-12-17,"0007a0dcb2",8,"M2"
2019-11-19,"0007a0dcb2",11,"M2"
2019-10-22,"0007a0dcb2",11,"M2"
2019-10-22,"0007a0dcb2",11,"M2"
2020-03-10,"0007a0df13",7,"D"
2020-02-05,"0007a0df13",8,"D"
2018-06-12,"0007a0e496",9,"D"
2018-06-12,"0007a0e496",9,"D"
2018-06-12,"0007a0e496",7,"D"
2018-06-12,"0007a0e496",10,"D"
2020-02-12,"0007a0ec1b",19,"M1"
2018-11-23,"0007a0ee69",5,"B"
2018-11-16,"0007a0f048",11,"M2"
2018-11-16,"0007a0f048",13,"M2"
2020-06-16,"0007a0f804",11,"H2"
2020-06-16,"0007a0f80a",16,"H2"
2020-06-16,"0007a0f80a",13,"H2"
2020-06-16,"0007a0f80a",15,"H2"
2020-06-16,"0007a0f80a",14,"H2"
2020-05-12,"0007a0f80a",14,"H2"
2020-05-12,"0007a0f80a",8,"H2"
2020-05-12,"0007a0f80a",8,"H2"
2020-05-12,"0007a0f80a",8,"H2"
2020-04-15,"0007a0f80a",9,"H2"
2020-04-15,"0007a0f80a",13,"H2"
2020-04-15,"0007a0f80a",3,"H2"
2020-04-15,"0007a0f80a",13,"H2"
2018-09-29,"0007a0f8ef",12,"D"
2018-09-29,"0007a0f8ef",6,"D"
2018-09-29,"0007a0f8ef",6,"D"
2018-09-29,"0007a0f8ef",4,"D"
2018-08-22,"0007a0fc85",15,"A"
2018-08-22,"0007a0fc85",13,"A"
2018-08-22,"0007a0fc85",13,"A"
2018-08-22,"0007a0fc85",16,"A"
2019-11-12,"0007d119b67",9,"B"
2020-03-10,"0007d18078",16,"H2"
2020-03-10,"0007d18078",16,"H2"
2020-03-10,"0007d18078",9,"H2"
2019-11-12,"0007d18078",8,"H2"
2019-11-12,"0007d18078",14,"H1"
2019-11-12,"0007d18078",14,"H2"
2019-11-12,"0007d18078",13,"H2"
2019-10-15,"0007d18078",14,"H2"
2019-10-15,"0007d18078",5,"H2"
2019-10-15,"0007d18078",13,"H2"
2020-05-08,"0007d182b4",6,"M2"
2020-04-09,"0007d182b4",4,"M2"
2020-04-09,"0007d182b4",6,"M2"
2020-04-09,"0007d182b4",6,"M2"
2020-04-09,"0007d182b4",6,"M2"
2020-03-03,"0007d182b4",4,"M2"
2020-02-12,"0007d182b4",5,"M2"
2020-02-12,"0007d182b4",5,"M2"
2020-02-12,"0007d182b4",4,"M2"
2020-02-12,"0007d182b4",2,"M2"
2019-12-17,"0007d182b4",5,"M2"
2019-12-17,"0007d182b4",4,"M2"
2019-12-17,"0007d182b4",5,"M2"
2019-11-19,"0007d182b4",4,"M2"
2019-11-19,"0007d182b4",3,"M2"
2019-10-22,"0007d182b4",5,"M2"
2019-10-22,"0007d182b4",5,"M2"
2019-10-22,"0007d182b4",5,"M1"
2019-11-19,"0007d183c8",60,"M1"
2019-12-17,"0007d186a9",29,"M1"
2019-11-19,"0007d186a9",31,"M1"
2019-12-17,"0007d186h9",29,"M1"
2018-06-12,"0007d1896a",15,"A"
2018-06-12,"0007d1896a",14,"A"
2019-08-14,"0007d18b1b",11,"A"
2018-11-23,"0007d18b54",3,"E"
2018-11-23,"0007d18b54",3,"E"
2018-11-23,"0007d18b54",1,"E"
2019-08-14,"0007d18d58",10,"A"
2019-08-14,"0007d18d5b",9,"A"
2019-07-10,"0007d18d5b",1,"A"
2019-07-10,"0007d18d5b",12,"A"
2019-06-18,"0007d18d5b",13,"A"
2019-06-18,"0007d18d5b",13,"A"
2018-11-23,"0007d18d5b",11,"A"
2018-11-23,"0007d18d5b",10,"A"
2018-09-29,"0007d18d7e",11,"A"
2019-10-22,"0007d18f3b",26,"M2"
2019-10-22,"0007d18f3b",23,"M2"
2019-10-22,"0007d18f3b",34,"M2"
2019-12-17,"0007d18f3c",29,"M2"
2018-10-26,"0007d1900f",6,"B"
2018-10-26,"0007d1900f",6,"B"
2018-10-19,"0007d190d7",11,"M1"
2018-09-23,"0007d190d7",13,"M1"
2018-09-23,"0007d190d7",52,"M1"
2018-09-23,"0007d190d7",12,"M1"
2018-09-23,"0007d190d7",52,"M1"
2020-05-08,"0007d190fc",4,"M1"
2020-04-09,"0007d190fc",11,"M1"
2020-04-09,"0007d190fc",11,"M1"
2020-04-09,"0007d190fc",11,"M1"
2020-03-03,"0007d190fc",59,"M1"
2020-03-03,"0007d190fc",5,"M1"
2020-03-03,"0007d190fc",3,"M1"
2020-02-12,"0007d190fc",6,"M1"
2020-02-12,"0007d190fc",3,"M1"
2020-02-12,"0007d190fc",5,"M1"
2020-02-12,"0007d190fc",2,"M1"
2019-12-17,"0007d190fc",60,"M1"
2019-12-17,"0007d190fc",59,"M1"
2019-12-17,"0007d190fc",58,"M1"
2019-11-19,"0007d190fc",60,"M1"
2020-04-09,"0007d1914f",34,"M2"
2020-04-09,"0007d1914f",25,"M2"
2020-04-09,"0007d1914f",25,"M2"
2020-04-09,"0007d1914f",27,"M2"
2020-04-09,"0007d1914f",27,"M2"
2020-03-03,"0007d1914f",29,"M2"
2020-03-03,"0007d1914f",31,"M2"
2020-03-03,"0007d1914f",25,"M2"
2020-03-03,"0007d1914f",31,"M2"
2020-03-03,"0007d1914f",29,"M2"
2020-02-12,"0007d1914f",31,"M2"
2020-02-12,"0007d1914f",31,"M1"
2020-02-12,"0007d1914f",25,"M2"
2020-02-12,"0007d1914f",27,"M2"
2020-02-12,"0007d1914f",24,"M2"
2019-12-17,"0007d1914f",29,"M2"
2019-12-17,"0007d1914f",33,"M2"
2019-12-17,"0007d1914f",27,"M2"
2019-12-17,"0007d1914f",25,"M2"
2019-12-17,"0007d1914f",23,"M2"
2019-11-19,"0007d1914f",24,"M2"
2019-11-19,"0007d1914f",29,"M2"
2019-11-19,"0007d1914f",34,"M2"
2019-11-19,"0007d1914f",29,"M2"
2019-10-22,"0007d1914f",35,"M2"
2019-10-22,"0007d1914f",31,"M2"
2019-10-22,"0007d1914f",34,"M2"
2019-10-22,"0007d1914f",28,"M2"
2019-10-22,"0007d1914f",26,"M2"
2019-09-25,"0007d1914f",34,"M2"
2019-09-25,"0007d1914f",23,"M2"
2019-09-25,"0007d1914f",31,"M2"
2019-08-14,"0007d1914f",40,"M2"
2019-08-14,"0007d1914f",34,"M2"
2019-08-14,"0007d1914f",26,"M2"
2020-06-12,"0007d19223",37,"M2"
2018-09-29,"0007d19608",8,"D"
2018-09-29,"0007d19608",8,"D"
2018-08-22,"0007d19608",8,"D"
2018-09-29,"0007d1997d",4,"B"
2019-11-12,"0007d19b67",2,"B"
2019-10-15,"0007d19b67",3,"B"
2019-10-15,"0007d19b67",3,"B"
2019-10-15,"0007d19b67",3,"B"
2019-09-18,"0007d19b67",8,"B"
2019-09-18,"0007d19b67",11,"B"
2019-08-14,"0007d19b67",9,"B"
2019-06-18,"0007d19b81",7,"H"
2020-06-16,"0007d19ba5",7,"H1"
2020-06-16,"0007d19ba5",3,"H1"
2020-06-16,"0007d19c45",9,"H1"
2020-06-16,"0007d19c45",6,"H1"
2018-07-10,"0007d19c5e",7,"M2"
2019-10-22,"0007d19da9",14,"M1"
2018-09-23,"0007d1a06e",42,"M1"
2018-09-23,"0007d1a06e",44,"M1"
2018-09-23,"0007d1a06e",42,"M1"
2018-09-23,"0007d1a06e",40,"M1"
2018-10-26,"0007d1a153",1,"E"
2018-10-26,"0007d1a153",1,"E"
2018-09-29,"0007d1a42d",3,"D"
2018-10-19,"0007d1aa38",22,"M2"
2018-10-19,"0007d1aa38",19,"M2"
2020-06-12,"0007d1ad04",34,"M2"
2020-06-12,"0007d1ad04",34,"M2"
2020-06-12,"0007d1ad04",36,"M2"
2020-06-12,"0007d1ad04",34,"M2"
2020-05-08,"0007d1ad04",34,"M2"
2020-05-08,"0007d1ad04",34,"M2"
2020-05-08,"0007d1ad04",34,"M2"
2020-04-09,"0007d1ad04",37,"M2"
2020-04-09,"0007d1ad04",20,"M2"
2020-04-09,"0007d1ad04",40,"M2"
2020-04-09,"0007d1ad04",41,"M2"
2020-04-09,"0007d1ad04",41,"M2"
2020-03-03,"0007d1ad04",27,"M2"
2020-03-03,"0007d1ad04",25,"M2"
2020-03-03,"0007d1ad04",41,"M2"
2020-03-03,"0007d1ad04",27,"M2"
2020-03-03,"0007d1ad04",24,"M2"
2020-02-12,"0007d1ad04",25,"M2"
2020-02-12,"0007d1ad04",33,"M2"
2020-02-12,"0007d1ad04",26,"M2"
2020-02-12,"0007d1ad04",27,"M2"
2020-02-12,"0007d1ad04",28,"M2"
2019-12-17,"0007d1ad04",20,"M2"
2019-12-17,"0007d1ad04",23,"M2"
2019-11-19,"0007d1ad04",20,"M2"
2019-11-19,"0007d1ad04",24,"M2"
2019-11-19,"0007d1ad04",23,"M2"
2019-11-19,"0007d1ad04",22,"M2"
2019-10-22,"0007d1ad04",41,"M2"
2019-10-22,"0007d1ad04",41,"M2"
2020-06-12,"0007d1ae20",19,"M2"
2018-10-19,"0007d1aed6",5,"M2"
2018-09-23,"0007d1aef7",40,"M1"
2018-09-23,"0007d1aef7",23,"M1"
2018-09-23,"0007d1aef7",38,"M1"
2018-09-23,"0007d1aef7",23,"M1"
2018-09-23,"0007d1aef7",23,"M1"
2018-09-29,"0007d1af26",14,"B"
2018-07-17,"0007d1b098",3,"G"
2018-07-17,"0007d1b098",11,"G"
2018-07-17,"0007d1b098",13,"G"
2018-07-17,"0007d1b098",12,"G"
2019-08-14,"0007d1b1a9",9,"H"
2020-05-12,"0007d1b2d1",7,"A"
2018-09-23,"0007d1b426",25,"M2"
2018-09-23,"0007d1b426",25,"M2"
2018-09-29,"0007d1b9ee",11,"B"
2018-09-29,"0007d1b9ee",10,"B"
2018-09-29,"0007d1b9ee",12,"E"
2018-09-29,"0007d1b9ee",7,"B"
2018-09-23,"0007d1bc83",48,"M1"
2018-09-23,"0007d1bc83",12,"M1"
2018-08-22,"0007d1bc9c",15,"D"
2018-09-29,"0007d1bdee",11,"A"
2018-09-29,"0007d1bdee",7,"A"
2018-09-29,"0007d1bdee",7,"A"
2020-06-12,"0007d1be23",1,"M1"
2020-05-08,"0007d1be23",60,"M1"
2020-04-09,"0007d1be23",59,"M1"
2020-04-09,"0007d1be23",4,"M1"
2020-04-09,"0007d1be23",5,"M1"
2020-04-09,"0007d1be23",6,"M1"
2020-04-09,"0007d1be23",3,"M1"
2020-03-03,"0007d1be23",6,"M1"
2020-03-03,"0007d1be23",59,"M1"
2020-03-03,"0007d1be23",5,"M1"
2020-02-12,"0007d1be23",5,"M1"
2020-02-12,"0007d1be23",3,"M1"
2020-02-12,"0007d1be23",2,"M1"
2019-12-17,"0007d1be23",6,"M1"
2019-12-17,"0007d1be23",59,"M1"
2019-12-17,"0007d1be23",59,"M1"
2019-11-19,"0007d1be23",60,"M1"
2019-11-19,"0007d1be23",2,"M1"
2019-09-25,"0007d1be23",59,"M1"
2019-09-25,"0007d1be23",13,"M1"
2018-08-22,"0007d1be96",13,"B"
2020-06-12,"0007d1c14d",17,"M2"
2020-06-12,"0007d1c14d",46,"M2"
2019-08-14,"0007d1c1e0",9,"A"
2019-08-14,"0007d1c1e0",10,"A"
2019-08-14,"0007d1c233",22,"M2"
2019-08-14,"0007d1c233",31,"M2"
2019-09-18,"0007d1c426",3,"H2"
2020-06-12,"0007d1c46a",23,"M2"
2020-06-12,"0007d1c46a",40,"M2"
2019-04-19,"0007d1c4ed",6,"M2"
2019-04-19,"0007d1c4ed",6,"M2"
2019-04-19,"0007d1c4ed",6,"M2"
2019-03-15,"0007d1c4ed",27,"M2"
2019-03-15,"0007d1c4ed",26,"M2"
2019-03-15,"0007d1c4ed",24,"M2"
2019-03-15,"0007d1c4ed",24,"M2"
2019-02-15,"0007d1c4ed",23,"M2"
2019-02-15,"0007d1c4ed",42,"M2"
2019-02-15,"0007d1c4ed",20,"M2"
2019-02-15,"0007d1c4ed",27,"M2"
2019-02-15,"0007d1c4ed",23,"M2"
2019-01-15,"0007d1c4ed",22,"M2"
2019-01-15,"0007d1c4ed",22,"M2"
2019-01-15,"0007d1c4ed",13,"M2"
2019-01-15,"0007d1c4ed",19,"M2"
2018-12-14,"0007d1c4ed",22,"M2"
2018-11-16,"0007d1c4ed",19,"M2"
2018-11-16,"0007d1c4ed",15,"M2"
2018-11-16,"0007d1c4ed",22,"M2"
2018-11-16,"0007d1c4ed",20,"M2"
2018-11-16,"0007d1c4ed",13,"M2"
2018-10-19,"0007d1c4ed",10,"M2"
2018-10-19,"0007d1c4ed",11,"M2"
2018-09-23,"0007d1c4ed",11,"M2"
2018-07-17,"0007d1c620",6,"D"
2018-07-17,"0007d1c620",6,"D"
2018-07-17,"0007d1c620",6,"D"
2020-04-15,"0007d1c892",6,"B"
2019-02-15,"0007d1cb04",30,"M1"
2019-11-19,"0007d1cb12",12,"M2"
2020-03-10,"0007d1cbb3",9,"A"
2020-03-10,"0007d1cbb3",12,"A"
2020-06-12,"0007d1cd76",5,"M2"
2020-06-12,"0007d1cd76",47,"M2"
2020-06-12,"0007d1cd76",41,"M2"
2020-05-08,"0007d1cd76",6,"M2"
2020-05-08,"0007d1cd76",14,"M2"
2020-05-08,"0007d1cd76",6,"M2"
2020-04-09,"0007d1cd76",41,"M2"
2020-04-09,"0007d1cd76",14,"M2"
2020-04-09,"0007d1cd76",15,"M2"
2020-03-03,"0007d1cd76",12,"M2"
2020-03-03,"0007d1cd76",11,"M2"
2020-03-03,"0007d1cd76",12,"M2"
2020-03-03,"0007d1cd76",9,"M2"
2020-02-12,"0007d1cd76",15,"M2"
2020-02-12,"0007d1cd76",9,"M2"
2020-02-12,"0007d1cd76",12,"M2"
2020-02-12,"0007d1cd76",15,"M2"
2020-02-12,"0007d1cd76",14,"M2"
2019-12-17,"0007d1cd76",12,"M2"
2019-12-17,"0007d1cd76",10,"M2"
2019-12-17,"0007d1cd76",12,"M2"
2019-12-17,"0007d1cd76",8,"M2"
2019-11-19,"0007d1cd76",14,"M2"
2019-11-19,"0007d1cd76",9,"M2"
2019-11-19,"0007d1cd76",12,"M2"
2019-10-22,"0007d1cd76",13,"M2"
2019-10-22,"0007d1cd76",8,"M2"
2019-10-22,"0007d1cd76",48,"M2"
2019-05-10,"0007d1cdbe",8,"H"
2019-09-25,"0007d1cdf6",21,"M1"
2019-09-25,"0007d1cdf6",59,"M1"
2019-09-25,"0007d1cdf6",26,"M1"
2018-10-26,"0007d1ce3f",8,"H"
2018-10-26,"0007d1ce3f",8,"H"
2018-10-26,"0007d1ce3f",8,"H"
2019-08-14,"0007d1ce51",12,"A"
2019-07-10,"0007d1cf3b",31,"M2"
2019-07-10,"0007d1cf3b",12,"M2"
2018-12-14,"0007d1cf3b",27,"M2"
2018-12-14,"0007d1cf3b",27,"M2"
2018-11-16,"0007d1cf3b",25,"M2"
2018-11-16,"0007d1cf3b",24,"M2"
2018-11-16,"0007d1cf3b",32,"M2"
2018-11-16,"0007d1cf3b",24,"M2"
2018-06-12,"0007d1cf65",14,"H"
2018-10-26,"0007d1cf76",8,"H"
2018-10-26,"0007d1cf76",8,"H"
2018-10-26,"0007d1cf76",8,"H"
2018-09-29,"0007d1cf76",8,"H"
2018-09-29,"0007d1cf76",8,"H"
2018-06-12,"0007d1d008",9,"H"
2019-05-10,"0007d1d1ca",5,"H"
2019-05-10,"0007d1d1ca",9,"H"
2019-05-10,"0007d1d1ca",14,"H"
2020-04-15,"0007d1d210",8,"A"
2020-04-15,"0007d1d210",10,"A"
2020-04-15,"0007d1d210",8,"A"
2019-02-15,"0007d1d309",3,"M1"
2020-06-16,"0007d1d3b8",6,"H1"
2020-06-16,"0007d1d3b8",1,"H1"
2019-08-14,"0007d1d483",15,"D"
2019-08-14,"0007d1d483",14,"D"
2019-07-10,"0007d1d483",9,"D"
2018-08-22,"0007d1d495",11,"A"
2018-08-22,"0007d1d495",11,"A"
2018-09-29,"0007d1d58d",7,"B"
2018-09-29,"0007d1d58d",7,"B"
2018-09-29,"0007d1d58d",9,"B"
2020-06-12,"0007d1d641",20,"M2"
2018-08-22,"0007d1d728",13,"D"
2018-08-22,"0007d1d728",13,"D"
2018-08-22,"0007d1d728",11,"D"
2018-07-17,"0007d1d728",9,"D"
2018-07-17,"0007d1d728",15,"D"
2020-06-12,"0007d1d74e",48,"M2"
2020-06-12,"0007d1d74e",11,"M2"
2020-06-12,"0007d1d74e",10,"M2"
2020-05-08,"0007d1d74e",10,"M2"
2020-05-08,"0007d1d74e",10,"M2"
2020-05-08,"0007d1d74e",7,"M2"
2020-04-09,"0007d1d74e",46,"M2"
2020-04-09,"0007d1d74e",41,"M2"
2020-04-09,"0007d1d74e",14,"M2"
2020-04-09,"0007d1d74e",14,"M2"
2020-03-03,"0007d1d74e",11,"M2"
2020-03-03,"0007d1d74e",12,"M2"
2020-02-12,"0007d1d74e",11,"M2"
2020-02-12,"0007d1d74e",14,"M2"
2019-10-22,"0007d1d74e",46,"M2"
2019-10-22,"0007d1d74e",13,"M2"
2019-01-15,"0007d1d7ea",31,"M2"
2018-12-14,"0007d1d7ea",27,"M2"
2018-11-16,"0007d1d7ea",35,"M2"
2018-11-16,"0007d1d7ea",34,"M2"
2018-11-16,"0007d1d7ea",32,"M2"
2018-10-19,"0007d1d7ea",29,"M2"
2019-09-25,"0007d1d7f6",5,"M2"
2019-09-25,"0007d1d7f6",5,"M2"
2019-09-25,"0007d1d7f6",20,"M2"
2019-08-14,"0007d1d7f6",36,"M2"
2019-08-14,"0007d1d7f6",20,"M2"
2019-08-14,"0007d1d7f6",34,"M2"
2018-10-19,"0007d1d8e1",27,"M2"
2018-09-23,"0007d1d8e1",25,"M2"
2018-09-23,"0007d1d8e1",25,"M2"
2019-07-10,"0007d1dbdf",12,"A"
2019-07-10,"0007d1dbdf",9,"A"
2019-07-10,"0007d1dbdf",9,"A"
2019-06-18,"0007d1dbdf",11,"A"
2018-10-26,"0007d1dbdf",12,"A"
2018-10-26,"0007d1dbdf",1,"A"
2018-09-29,"0007d1dbdf",1,"A"
2018-08-22,"0007d1dbdf",12,"A"
2018-08-22,"0007d1dbdf",1,"A"
2018-08-22,"0007d1dbdf",15,"A"
2018-08-22,"0007d1dbdf",15,"A"
2018-08-22,"0007d1dbdf",1,"A"
2018-07-17,"0007d1dbdf",3,"A"
2018-07-17,"0007d1dbdf",3,"A"
2020-06-12,"0007d1dc72",33,"M2"
2020-06-12,"0007d1dc72",21,"M2"
2020-06-12,"0007d1dc72",24,"M2"
2020-05-08,"0007d1dc72",31,"M2"
2020-05-08,"0007d1dc72",27,"M2"
2020-05-08,"0007d1dc72",18,"M2"
2020-04-09,"0007d1dc72",29,"M2"
2020-04-09,"0007d1dc72",28,"M2"
2020-04-09,"0007d1dc72",23,"M2"
2020-04-09,"0007d1dc72",23,"M2"
2020-03-03,"0007d1dc72",29,"M2"
2020-03-03,"0007d1dc72",27,"M2"
2020-03-03,"0007d1dc72",29,"M2"
2020-03-03,"0007d1dc72",31,"M2"
2020-02-12,"0007d1dc72",26,"M2"
2020-02-12,"0007d1dc72",33,"M2"
2020-02-12,"0007d1dc72",41,"M2"
2020-02-12,"0007d1dc72",23,"M2"
2019-12-17,"0007d1dc72",41,"M2"
2019-12-17,"0007d1dc72",29,"M2"
2019-12-17,"0007d1dc72",23,"M2"
2019-12-17,"0007d1dc72",33,"M2"
2019-11-19,"0007d1dc72",21,"M2"
2019-11-19,"0007d1dc72",33,"M2"
2019-11-19,"0007d1dc72",22,"M2"
2019-11-19,"0007d1dc72",20,"M2"
2019-10-22,"0007d1dc72",16,"M2"
2019-10-22,"0007d1dc72",40,"M2"
2019-10-22,"0007d1dc72",41,"M2"
2019-10-22,"0007d1dc72",41,"M2"
2019-09-25,"0007d1dc72",41,"M2"
2019-09-25,"0007d1dc72",41,"M2"
2019-09-25,"0007d1dc72",20,"M2"
2019-01-15,"0007d1dd88",4,"M2"
2019-04-19,"0007d1ddb8",5,"M2"
2019-04-19,"0007d1ddb8",5,"M2"
2019-04-19,"0007d1ddb8",4,"M2"
2019-03-15,"0007d1ddb8",5,"M2"
2019-03-15,"0007d1ddb8",5,"M2"
2019-02-15,"0007d1ddb8",5,"M2"
2019-02-15,"0007d1ddb8",5,"M2"
2019-02-15,"0007d1ddb8",5,"M2"
2019-02-15,"0007d1ddb8",4,"M2"
2019-02-15,"0007d1ddb8",4,"M2"
2019-01-15,"0007d1ddb8",5,"M2"
2019-01-15,"0007d1ddb8",5,"M2"
2018-11-16,"0007d1ddb8",6,"M2"
2018-11-16,"0007d1ddb8",3,"M2"
2018-11-16,"0007d1ddb8",5,"M2"
2018-11-16,"0007d1ddb8",5,"M2"
2018-10-19,"0007d1ddb8",5,"M2"
2018-10-19,"0007d1ddb8",3,"M2"
2020-06-16,"0007d1de10",5,"A"
2020-06-16,"0007d1de10",6,"A"
2020-06-16,"0007d1de10",6,"A"
2020-06-16,"0007d1de10",7,"A"
2018-10-26,"0007d1de4d",6,"B"
2018-09-29,"0007d1de85",8,"H"
2018-09-29,"0007d1de85",8,"H"
2018-08-22,"0007d1deba",8,"A"
2018-09-29,"0007d1df15",14,"B"
2019-11-12,"0007d1df57",15,"G"
2019-11-12,"0007d1df57",15,"G"
2019-11-12,"0007d1df57",15,"G"
2019-11-12,"0007d1df57",15,"G"
2019-10-15,"0007d1df57",1,"G"
2020-06-16,"0007d1dfcf",13,"H2"
2020-06-16,"0007d1dfcf",9,"H2"
2020-06-16,"0007d1dfcf",13,"H2"
2019-03-15,"0007d1e002",12,"M2"
2019-03-15,"0007d1e002",12,"M2"
2019-02-15,"0007d1e002",11,"M2"
2019-01-15,"0007d1e002",11,"M2"
2018-11-16,"0007d1e002",13,"M2"
2018-11-16,"0007d1e002",22,"M2"
2019-10-15,"0007d1e07f",11,"B"
2018-09-29,"0007d1e107",3,"D"
2018-10-26,"0007d1e4da",8,"E"
2018-09-29,"0007d1e5ed",13,"G"
2018-09-29,"0007d1e5ed",12,"G"
2018-08-22,"0007d1e5ed",13,"G"
2019-10-22,"0007d1e65e",5,"M2"
2019-10-22,"0007d1e65e",7,"M2"
2019-12-08,"0007d1e68f",8,"D"
2018-08-22,"0007d1e6ab",5,"E"
2019-07-10,"0007d1e723",7,"M2"
2019-07-10,"0007d1e723",3,"M2"
2018-06-12,"0007d1e7da",14,"G"
2018-10-19,"0007d1e855",20,"M2"
2019-09-18,"0007d1e968",14,"H2"
2019-08-14,"0007d1ea1a",3,"B"
2019-08-14,"0007d1ea1a",4,"A"
2019-05-15,"0007d1ea51",47,"M1"
2019-05-15,"0007d1ea51",48,"M1"
2019-05-15,"0007d1ea51",48,"M1"
2019-04-19,"0007d1ea51",3,"M1"
2019-04-19,"0007d1ea51",4,"M1"
2019-04-19,"0007d1ea51",6,"M1"
2019-03-15,"0007d1ea51",44,"M1"
2019-03-15,"0007d1ea51",4,"M1"
2019-03-15,"0007d1ea51",54,"M1"
2019-02-15,"0007d1ea51",4,"M1"
2019-02-15,"0007d1ea51",7,"M1"
2019-02-15,"0007d1ea51",48,"M1"
2019-01-15,"0007d1ea51",60,"M1"
2019-01-15,"0007d1ea51",54,"M1"
2019-01-15,"0007d1ea51",5,"M1"
2019-01-15,"0007d1ea51",4,"M1"
2018-12-14,"0007d1ea51",58,"M1"
2018-12-14,"0007d1ea51",3,"M1"
2018-11-16,"0007d1ea51",3,"M1"
2018-11-16,"0007d1ea51",4,"M1"
2018-11-16,"0007d1ea51",2,"M1"
2018-11-16,"0007d1ea51",59,"M1"
2018-11-16,"0007d1ea51",1,"M1"
2018-08-22,"0007d1eac3",11,"H"
2018-08-22,"0007d1eac3",13,"H"
2018-07-17,"0007d1eac3",3,"H"
2019-04-12,"0007d1eb50",4,"D"
2019-04-12,"0007d1eb50",4,"D"
2019-03-23,"0007d1eb50",2,"D"
2019-03-23,"0007d1eb50",2,"D"
2019-08-14,"0007d1ecb0",10,"M2"
2018-08-22,"0007d1ee0f",8,"D"
2018-08-22,"0007d1ee0f",13,"D"
2018-07-17,"0007d1ee0f",5,"D"
2019-11-19,"0007d1ee47",41,"M2"
2019-11-19,"0007d1ee47",15,"M2"
2019-10-22,"0007d1ee47",17,"M2"
2019-10-22,"0007d1ee47",46,"M2"
2019-10-22,"0007d1ee47",46,"M2"
2019-10-22,"0007d1ee47",14,"M2"
2018-09-29,"0007d1ef2c",6,"B"
2019-03-23,"0007d1f036",9,"H"
2018-11-16,"0007d1f051",50,"M1"
2018-11-16,"0007d1f051",40,"M1"
2018-11-16,"0007d1f051",48,"M1"
2018-11-16,"0007d1f051",15,"M1"
2019-07-10,"0007d1f0a7",24,"M2"
2018-07-17,"0007d1f1a1",11,"H"
2019-01-22,"0007d1f249",6,"H"
2020-02-05,"0007d1f2fd",1,"H1"
2020-05-08,"0007d1f35e",7,"M2"
2020-05-08,"0007d1f35e",8,"M2"
2020-05-08,"0007d1f35e",7,"M2"
2018-10-19,"0007d1f489",6,"M2"
2019-11-12,"0007d1f74a",5,"H2"
2019-11-12,"0007d1f74a",13,"H1"
2019-11-12,"0007d1f74a",14,"H2"
2019-10-15,"0007d1f74a",14,"H2"
2019-10-15,"0007d1f74a",13,"H2"
2019-10-15,"0007d1f74a",13,"H2"
2018-11-23,"0007d1f7cd",3,"E"
2018-11-23,"0007d1f7cd",3,"E"
2018-11-23,"0007d1f7cd",3,"E"
2018-09-29,"0007d1f7cd",14,"E"
2018-09-29,"0007d1f7cd",14,"E"
2018-09-29,"0007d1f7cd",15,"E"
2018-09-29,"0007d1f7cd",16,"E"
2018-08-22,"0007d1f7cd",14,"E"
2018-08-22,"0007d1f7cd",14,"E"
2018-08-22,"0007d1f7cd",14,"E"
2018-08-22,"0007d1f802",8,"H"
2019-03-23,"0007d1f92b",9,"A"
2018-11-16,"0007d1f94a",60,"M1"
2018-11-16,"0007d1f94a",3,"M1"
2019-09-25,"0007d1f9f7",10,"M2"
2019-09-25,"0007d1f9f7",10,"M2"
2018-08-22,"0007d1faa6",13,"D"
2018-08-22,"0007d1faa6",15,"D"
2019-04-19,"0007d1fb61",5,"M2"
2019-04-19,"0007d1fb61",4,"M2"
2019-04-19,"0007d1fb61",4,"M2"
2019-04-19,"0007d1fb61",4,"M2"
2019-03-15,"0007d1fb61",5,"M2"
2019-03-15,"0007d1fb61",5,"M2"
2019-03-15,"0007d1fb61",5,"M2"
2019-02-15,"0007d1fb61",5,"M2"
2019-02-15,"0007d1fb61",5,"M2"
2019-02-15,"0007d1fb61",4,"M2"
2019-01-15,"0007d1fb61",5,"M2"
2019-01-15,"0007d1fb61",5,"M2"
2019-01-15,"0007d1fb61",3,"M2"
2019-01-15,"0007d1fb61",5,"M2"
2019-01-15,"0007d1fb61",5,"M2"
2018-12-14,"0007d1fb61",4,"M2"
2018-11-16,"0007d1fb61",5,"M2"
2018-11-16,"0007d1fb61",5,"M2"
2018-11-16,"0007d1fb61",3,"M2"
2018-11-16,"0007d1fb61",1,"M2"
2018-10-19,"0007d1fb61",3,"M2"
2018-10-19,"0007d1fb61",3,"M2"
2020-06-16,"0007d1fd92",10,"H1"
2018-10-19,"0007d1feab",22,"M2"
2018-09-23,"0007d1feab",22,"M2"
2018-09-23,"0007d1feab",39,"M2"
2019-09-18,"0007d1fed5",8,"D"
2019-09-18,"0007d1fed5",8,"D"
2019-09-18,"0007d1fed5",7,"D"
2019-09-18,"0007d1fed5",7,"D"
2019-11-19,"0007d1hd04",24,"M2"
2018-06-12,"0007d2008e",14,"H"
2018-06-12,"0007d2008e",16,"H"
2020-06-16,"0007d200bb",3,"H2"
2020-05-12,"0007d200bb",8,"H2"
2020-05-12,"0007d200bb",3,"H2"
2020-04-15,"0007d200bb",8,"H2"
2020-04-15,"0007d200bb",3,"H2"
2018-11-23,"0007d2013b",5,"B"
2018-11-23,"0007d2013b",5,"B"
2018-11-23,"0007d2013b",5,"B"
2018-09-29,"0007d2015d",2,"E"
2019-01-22,"0007d2016f",7,"A"
2019-01-22,"0007d2016f",5,"A"
2019-01-22,"0007d2016f",8,"A"
2018-12-18,"0007d2016f",8,"A"
2018-12-18,"0007d2016f",5,"A"
2018-12-18,"0007d2016f",6,"A"
2018-12-18,"0007d2016f",1,"A"
2018-11-23,"0007d2016f",6,"A"
2018-11-23,"0007d2016f",6,"A"
2018-11-23,"0007d2016f",6,"A"
2018-11-23,"0007d2016f",6,"A"
2018-10-26,"0007d2016f",12,"A"
2018-10-26,"0007d2016f",6,"A"
2019-02-15,"0007d20188",60,"M1"
2018-06-12,"0007d20386",12,"D"
2018-06-12,"0007d20386",8,"D"
2018-06-12,"0007d20386",9,"D"
2018-10-19,"0007d203a2",5,"M2"
2020-04-15,"0007d203ba",9,"A"
2018-06-12,"0007d2040c",5,"E"
2018-10-26,"0007d20606",8,"D"
2020-06-16,"0007d20703",9,"A"
2020-06-16,"0007d20703",7,"A"
2018-07-17,"0007d208df",4,"G"
2018-07-17,"0007d208df",13,"G"
2018-07-17,"0007d208df",9,"G"
2018-06-12,"0007d208df",3,"G"
2018-06-12,"0007d208df",11,"G"
2018-06-12,"0007d208df",12,"G"
2018-06-12,"0007d208df",3,"G"
2018-06-12,"0007d208df",13,"G"
2018-11-23,"0007d20983",8,"H"
2018-11-23,"0007d20983",8,"H"
2018-11-23,"0007d20983",6,"H"
2018-11-23,"0007d20983",8,"H"
2018-10-26,"0007d20983",8,"H"
2018-10-26,"0007d20983",8,"H"
2018-09-29,"0007d20983",8,"H"
2018-09-29,"0007d20983",8,"H"
2018-08-22,"0007d20983",8,"A"
2019-11-12,"0007d209c4",12,"A"
2019-11-12,"0007d209c4",7,"A"
2019-11-12,"0007d209c4",9,"A"
2019-11-12,"0007d209c4",7,"A"
2019-11-12,"0007d209c4",7,"A"
2019-10-15,"0007d209c4",12,"A"
2019-11-12,"0007d20ac8",10,"B"
2019-10-15,"0007d20ac8",9,"B"
2019-09-18,"0007d20e6e",3,"H2"
2019-10-22,"0007d20f4b",21,"M1"
2019-10-22,"0007d20f4b",46,"M1"
2019-10-22,"0007d20f4b",41,"M1"
2019-10-22,"0007d20f4b",19,"M1"
2019-09-25,"0007d20f4b",44,"M1"
2019-09-25,"0007d20f4b",16,"M1"
2019-09-25,"0007d20f4b",43,"M1"
2019-09-25,"0007d20f4b",15,"M1"
2020-06-16,"0007d20f58",7,"H2"
2020-06-16,"0007d20f58",5,"H2"
2020-06-16,"0007d20f58",14,"H2"
2020-05-12,"0007d20f58",9,"H2"
2018-08-22,"0007d21548",9,"F"
2020-03-10,"0007d215b9",5,"B"
2020-03-10,"0007d215b9",5,"B"
2020-03-10,"0007d215b9",5,"B"
2020-03-10,"0007d215b9",5,"B"
2019-11-12,"0007d215b9",3,"B"
2019-10-15,"0007d215b9",4,"B"
2018-06-12,"0007d21730",8,"A"
2018-06-12,"0007d21730",8,"A"
2018-06-12,"0007d21730",15,"A"
2018-06-12,"0007d21730",15,"A"
2019-07-10,"0007d2185e",14,"D"
2019-07-10,"0007d2185e",14,"D"
2019-07-10,"0007d2185e",15,"D"
2018-06-12,"0007d21892",1,"H"
2018-06-12,"0007d21892",14,"H"
2019-11-12,"0007d21a91",13,"G"
2019-08-14,"0007d21a91",13,"G"
2019-08-14,"0007d21a91",9,"G"
2019-08-14,"0007d21a91",9,"G"
2018-09-29,"0007d21d7b",13,"G"
2020-02-05,"0007d21dbf",6,"B"
2020-03-03,"0007d21ea9",48,"M2"
2020-03-03,"0007d21ea9",11,"M2"
2020-03-03,"0007d21ea9",12,"M2"
2020-03-03,"0007d21ea9",11,"M2"
2020-02-12,"0007d21ea9",6,"M2"
2020-02-12,"0007d21ea9",11,"M2"
2020-02-12,"0007d21ea9",9,"M2"
2019-12-17,"0007d21ea9",5,"M2"
2019-12-17,"0007d21ea9",8,"M2"
2019-12-17,"0007d21ea9",8,"M2"
2019-11-19,"0007d21ea9",11,"M2"
2019-10-22,"0007d21ea9",11,"M2"
2019-10-22,"0007d21ea9",11,"M2"
2019-01-15,"0007d2203a",9,"M2"
2018-11-16,"0007d2203a",8,"M2"
2018-11-16,"0007d2203a",13,"M2"
2018-11-16,"0007d2203a",13,"M2"
2018-11-16,"0007d2203a",11,"M2"
2020-03-03,"0007d22042",29,"M1"
2020-02-12,"0007d22042",26,"M1"
2019-12-17,"0007d22042",31,"M1"
2019-12-17,"0007d22042",27,"M1"
2019-12-17,"0007d22042",26,"M1"
2019-12-17,"0007d22042",29,"M1"
2019-11-19,"0007d22042",31,"M1"
2019-11-19,"0007d22042",32,"M1"
2019-10-15,"0007d2211f",11,"D"
2018-08-22,"0007d2212b",15,"A"
2019-01-15,"0007d223cd",22,"M2"
2018-12-14,"0007d223cd",21,"M2"
2018-12-14,"0007d223cd",22,"M2"
2018-11-16,"0007d223cd",40,"M2"
2018-11-16,"0007d223cd",20,"M2"
2018-11-16,"0007d223cd",21,"M2"
2018-11-16,"0007d223cd",21,"M2"
2018-11-16,"0007d223cd",21,"M2"
2018-10-19,"0007d223cd",31,"M2"
2018-10-19,"0007d223cd",32,"M2"
2018-10-19,"0007d223cd",28,"M2"
2018-09-23,"0007d223cd",28,"M2"
2018-08-22,"0007d224f2",8,"E"
2018-08-22,"0007d224f2",14,"E"
2018-08-22,"0007d224f2",8,"E"
2018-07-17,"0007d224f2",11,"E"
2018-07-17,"0007d224f2",11,"E"
2018-06-12,"0007d224f2",1,"E"
2018-06-12,"0007d224f2",1,"E"
2018-06-12,"0007d224f2",11,"E"
2018-06-12,"0007d224f2",11,"E"
2018-07-17,"0007d225f1",6,"G"
2018-10-19,"0007d22a5a",8,"M2"
2018-08-22,"0007d22ad1",13,"H"
2020-06-16,"0007d22bac",4,"A"
2020-06-16,"0007d22bac",2,"A"
2018-10-26,"0007d22c9d",7,"D"
2018-10-26,"0007d22c9d",8,"D"
2018-09-29,"0007d22c9d",9,"D"
2018-11-23,"0007d22cf2",14,"E"
2018-11-23,"0007d22cf2",1,"E"
2018-11-23,"0007d22cf2",3,"E"
2018-10-26,"0007d22cf2",14,"E"
2018-10-26,"0007d22cf2",1,"E"
2018-10-26,"0007d22cf2",14,"E"
2018-09-29,"0007d22cf2",12,"E"
2018-09-29,"0007d22cf2",12,"E"
2018-08-22,"0007d22cf2",12,"E"
2018-08-22,"0007d22cf2",12,"E"
2018-08-22,"0007d22cf2",12,"E"
2019-08-14,"0007d22d4f",15,"E"
2020-06-16,"0007d22dcb",15,"G"
2018-07-17,"0007d22ea7",4,"E"
2018-07-17,"0007d22ea7",4,"E"
2018-06-12,"0007d22ea7",2,"E"
2018-06-12,"0007d22ea7",2,"E"
2018-06-12,"0007d22ea7",2,"E"
2018-06-12,"0007d22ea7",2,"E"
2018-09-23,"0007d22ecd",5,"M2"
2020-06-16,"0007d22fc7",13,"H1"
2019-05-10,"0007d2317e",13,"A"
2020-04-09,"0007d23382",3,"M1"
2020-03-03,"0007d23382",59,"M1"
2020-03-03,"0007d23382",3,"M1"
2020-03-03,"0007d23382",3,"M1"
2020-06-16,"0007d233b3",7,"H1"
2020-06-16,"0007d233b3",6,"H1"
2020-06-16,"0007d233b3",3,"H1"
2019-01-22,"0007d233c2",14,"A"
2019-01-22,"0007d233c2",1,"A"
2019-01-22,"0007d233c2",14,"A"
2019-01-22,"0007d233c2",1,"A"
2018-12-18,"0007d233c2",1,"A"
2018-10-26,"0007d233c2",7,"A"
2018-10-26,"0007d233c2",6,"A"
2019-09-25,"0007d236fa",26,"M1"
2019-09-25,"0007d236fa",38,"M1"
2019-09-25,"0007d236fa",24,"M1"
2019-08-14,"0007d238b8",5,"M2"
2019-08-14,"0007d238b8",2,"M2"
2020-06-16,"0007d2395d",12,"D"
2019-09-18,"0007d23b89",16,"H2"
2020-06-12,"0007d23e79",31,"M2"
2020-06-12,"0007d24171",4,"M2"
2020-06-12,"0007d24171",5,"M2"
2018-07-17,"0007d24418",13,"G"
2018-07-17,"0007d24418",8,"G"
2018-06-12,"0007d2465a",5,"A"
2018-06-12,"0007d2465a",6,"A"
2020-06-12,"0007d24940",41,"M2"
2020-06-12,"0007d24940",47,"M2"
2020-05-08,"0007d24940",7,"M2"
2020-05-08,"0007d24940",41,"M2"
2019-11-12,"0007d24dfc",11,"A"
2020-04-09,"0007d252be",2,"M2"
2020-04-09,"0007d252be",8,"M2"
2020-03-03,"0007d252be",5,"M2"
2020-03-03,"0007d252be",4,"M2"
2020-03-03,"0007d252be",4,"M2"
2020-02-12,"0007d252be",4,"M2"
2020-02-12,"0007d252be",2,"M2"
2020-02-12,"0007d252be",4,"M2"
2020-02-12,"0007d252be",2,"M2"
2019-12-17,"0007d252be",4,"M2"
2019-12-17,"0007d252be",4,"M2"
2019-12-17,"0007d252be",4,"M2"
2019-12-17,"0007d252be",4,"M2"
2020-04-09,"0007d252br",4,"M2"
2018-11-23,"0007d25482",14,"E"
2020-05-12,"0007d25562",6,"A"
2020-05-12,"0007d2573e",14,"H2"
2020-04-15,"0007d2573e",3,"H2"
2020-04-15,"0007d2573e",8,"H2"
2020-04-15,"0007d2573e",13,"H2"
2020-03-10,"0007d2573e",14,"H2"
2019-10-15,"0007d2573e",3,"H2"
2018-06-12,"0007d257c4",9,"H"
2019-10-15,"0007d259fa",10,"B"
2020-06-12,"0007d25c6f",41,"M2"
2020-06-12,"0007d25c6f",32,"M2"
2020-05-08,"0007d25c6f",33,"M2"
2018-06-12,"0007d25d56",15,"D"
2018-06-12,"0007d25d56",14,"D"
2020-06-12,"0007d25d87",20,"M2"
2020-06-12,"0007d25d87",21,"M2"
2020-03-10,"0007d25e94",1,"A"
2019-09-18,"0007d261b9",8,"B"
2019-10-15,"0007d261f5",5,"A"
2020-06-12,"0007d2630c",47,"M2"
2020-06-12,"0007d2630c",46,"M2"
2018-09-29,"0007d264b1",6,"D"
2018-12-14,"0007d26752",27,"M2"
2018-11-16,"0007d26752",32,"M2"
2018-08-22,"0007d2678a",8,"A"
2018-08-22,"0007d2678a",12,"A"
2018-08-22,"0007d2678a",9,"A"
2018-10-26,"0007d26833",8,"E"
2018-09-29,"0007d26833",8,"E"
2018-09-29,"0007d26833",8,"E"
2018-08-22,"0007d26833",8,"E"
2020-06-12,"0007d26df5",16,"M2"
2020-06-12,"0007d26df5",48,"M2"
2020-06-12,"0007d26df5",12,"M2"
2020-06-12,"0007d27025",11,"M1"
2018-08-22,"0007d270f7",12,"A"
2018-07-17,"0007d270f7",10,"A"
2018-07-17,"0007d270f7",8,"A"
2018-07-17,"0007d270f7",9,"A"
2020-06-16,"0007d27156",9,"D"
2019-09-18,"0007d27333",14,"D"
2018-09-29,"0007d273ad",8,"B"
2018-09-29,"0007d273ad",8,"B"
2018-08-22,"0007d2743b",11,"A"
2018-08-22,"0007d2743b",10,"A"
2018-07-17,"0007d2743b",13,"A"
2018-07-17,"0007d2743b",13,"A"
2018-07-17,"0007d2743b",9,"A"
2018-07-17,"0007d2743b",8,"A"
2019-01-15,"0007d2744d",3,"M2"
2019-01-15,"0007d2744d",3,"M2"
2019-01-15,"0007d2744d",8,"M2"
2019-01-15,"0007d2744d",4,"M2"
2018-11-16,"0007d2744d",5,"M2"
2018-11-16,"0007d2744d",3,"M2"
2018-11-16,"0007d2744d",3,"M2"
2018-11-16,"0007d2744d",2,"M2"
2018-10-19,"0007d2744d",3,"M2"
2018-10-19,"0007d2744d",3,"M2"
2018-09-23,"0007d2744d",4,"M2"
2018-09-29,"0007d274b1",7,"A"
2018-09-29,"0007d274b1",13,"A"
2018-08-22,"0007d27519",13,"G"
2018-08-22,"0007d27519",13,"G"
2018-08-22,"0007d27519",13,"G"
2018-08-22,"0007d27519",12,"G"
2018-07-17,"0007d276b4",8,"H"
2018-07-17,"0007d276b4",13,"H"
2020-06-12,"0007d2770e",37,"M2"
2020-05-12,"0007d2771d",12,"D"
2020-05-12,"0007d2771d",12,"D"
2020-05-12,"0007d2771d",7,"D"
2020-04-15,"0007d2771d",8,"D"
2018-09-29,"0007d27727",10,"A"
2018-09-29,"0007d27727",10,"A"
2018-08-22,"0007d27727",12,"A"
2018-08-22,"0007d27727",13,"A"
2018-08-22,"0007d27727",14,"A"
2018-08-22,"0007d27727",16,"A"
2018-07-17,"0007d27727",15,"A"
2018-07-17,"0007d27727",15,"A"
2018-06-12,"0007d2793d",2,"H"
2018-10-26,"0007d2795a",5,"B"
2018-10-26,"0007d2795a",6,"B"
2018-10-26,"0007d2795a",6,"B"
2018-09-29,"0007d279de",6,"B"
2018-08-22,"0007d279de",3,"B"
2018-08-22,"0007d279de",3,"B"
2019-02-15,"0007d27c26",1,"M1"
2019-11-19,"0007d27d60",2,"M1"
2020-06-12,"0007d27de8",28,"M2"
2020-06-12,"0007d27de8",36,"M2"
2020-03-03,"0007d28060",22,"M1"
2020-02-12,"0007d28060",19,"M1"
2020-02-12,"0007d28060",21,"M1"
2020-02-12,"0007d28060",19,"M1"
2019-12-17,"0007d28060",22,"M1"
2019-12-17,"0007d28060",22,"M1"
2019-12-17,"0007d28060",22,"M1"
2019-11-19,"0007d28060",24,"M1"
2019-11-19,"0007d28060",24,"M1"
2019-11-19,"0007d28060",22,"M1"
2019-11-19,"0007d28060",26,"M1"
2019-11-19,"0007d28060",40,"M1"
2019-10-22,"0007d28060",29,"M1"
2019-10-22,"0007d28060",32,"M1"
2019-10-22,"0007d28060",26,"M1"
2019-04-19,"0007d28070",6,"M1"
2019-04-19,"0007d28070",6,"M1"
2019-04-19,"0007d28070",6,"M1"
2019-04-19,"0007d28070",6,"M1"
2019-03-15,"0007d28070",11,"M1"
2019-03-15,"0007d28070",48,"M1"
2019-03-15,"0007d28070",7,"M1"
2019-02-15,"0007d28070",9,"M1"
2019-02-15,"0007d28070",5,"M1"
2019-02-15,"0007d28070",3,"M1"
2019-02-15,"0007d28070",44,"M1"
2019-02-15,"0007d28070",54,"M1"
2019-01-15,"0007d28070",6,"M1"
2019-01-15,"0007d28070",54,"M1"
2019-01-15,"0007d28070",6,"M1"
2018-09-29,"0007d280e9",4,"E"
2018-08-22,"0007d280e9",3,"E"
2018-08-22,"0007d280e9",4,"E"
2018-06-12,"0007d2841a",9,"H"
2019-08-14,"0007d28682",2,"M2"
2020-06-16,"0007d2874c",1,"A"
2020-06-16,"0007d28817",14,"D"
2020-06-16,"0007d28817",14,"D"
2020-06-16,"0007d28817",14,"D"
2018-09-29,"0007d28855",9,"A"
2018-09-29,"0007d28855",8,"A"
2018-09-29,"0007d28855",8,"A"
2018-10-19,"0007d288f5",26,"M2"
2018-07-17,"0007d2896d",11,"H"
2019-11-12,"0007d28a18",5,"A"
2019-09-18,"0007d28a18",10,"A"
2020-02-05,"0007d28a92",1,"H1"
2020-02-05,"0007d28a92",1,"H1"
2019-11-12,"0007d28a92",7,"H1"
2019-11-12,"0007d28a92",1,"H1"
2019-10-15,"0007d28a92",2,"H1"
2020-03-03,"0007d28ae2",28,"M1"
2018-08-22,"0007d28b01",8,"H"
2018-08-22,"0007d28de4",1,"A"
2018-09-29,"0007d29074",11,"G"
2019-07-10,"0007d2922a",9,"A"
2020-03-10,"0007d293ac",13,"D"
2019-10-15,"0007d293ac",5,"D"
2018-08-22,"0007d2953f",14,"D"
2019-08-14,"0007d295dc",9,"D"
2018-09-29,"0007d296b9",11,"A"
2018-09-29,"0007d296b9",13,"A"
2018-09-29,"0007d296b9",11,"A"
2018-08-22,"0007d296b9",5,"A"
2018-12-18,"0007d2975b",8,"B"
2018-12-18,"0007d2975b",9,"B"
2018-11-23,"0007d2975b",9,"B"
2018-11-23,"0007d2975b",8,"B"
2018-11-23,"0007d2975b",7,"B"
2018-10-26,"0007d2975b",9,"B"
2018-10-26,"0007d2975b",8,"B"
2018-08-22,"0007d29828",12,"F"
2018-08-22,"0007d29828",12,"F"
2019-09-25,"0007d29891",48,"M1"
2019-08-14,"0007d29891",24,"M2"
2019-08-14,"0007d29891",22,"M2"
2018-10-19,"0007d299bb",11,"M2"
2018-10-19,"0007d299bb",11,"M2"
2018-10-19,"0007d299bb",11,"M2"
2019-12-08,"0007d29a18",8,"A"
2019-12-08,"0007d29a18",6,"A"
2019-11-12,"0007d29a18",12,"A"
2019-11-12,"0007d29a18",16,"A"
2019-11-12,"0007d29a18",9,"A"
2019-11-12,"0007d29a18",9,"A"
2019-10-15,"0007d29a18",11,"A"
2019-09-18,"0007d29a18",7,"A"
2019-09-18,"0007d29a18",6,"A"
2019-09-18,"0007d29a18",6,"A"
2019-08-14,"0007d29a18",5,"A"
2019-12-08,"0007d29a19",6,"A"
2018-09-29,"0007d29a39",3,"D"
2018-09-29,"0007d29a39",9,"D"
2018-08-22,"0007d29a39",8,"D"
2018-08-22,"0007d29a39",8,"D"
2018-09-29,"0007d29c74",12,"G"
2018-09-29,"0007d29c74",13,"G"
2018-08-22,"0007d29c74",12,"G"
2018-08-22,"0007d29c74",11,"G"
2018-08-22,"0007d29c74",11,"G"
2018-07-17,"0007d29c74",9,"G"
2018-07-17,"0007d29c74",9,"G"
2018-08-22,"0007d29d93",11,"D"
2020-06-16,"0007d29e24",3,"D"
2019-12-17,"0007d29eba",33,"M2"
2019-12-17,"0007d29eba",33,"M2"
2019-12-17,"0007d29eba",29,"M2"
2019-12-17,"0007d29eba",23,"M2"
2019-11-19,"0007d29eba",34,"M2"
2019-11-19,"0007d29eba",24,"M1"
2019-11-19,"0007d29eba",24,"M2"
2019-11-19,"0007d29eba",27,"M2"
2019-10-22,"0007d29eba",22,"M2"
2019-10-22,"0007d29eba",22,"M2"
2019-10-22,"0007d29eba",23,"M2"
2019-11-12,"0007d29efe",1,"A"
2018-07-17,"0007d29f9c",14,"D"
2018-07-17,"0007d29f9c",3,"D"
2018-06-12,"0007d29f9c",14,"D"
2018-06-12,"0007d29f9c",14,"D"
2018-06-12,"0007d29f9c",9,"D"
2018-06-12,"0007d29f9c",14,"D"
2020-06-12,"0007d2md87",40,"M2"
2019-10-15,"00093815",16,"H1"
2019-10-22,"04671933",32,"M1"
2019-07-10,"11259_scanningerror",2,"B"
2019-03-23,"14894_scanningerror",2,"D"
2017-08-04,"unmarked_0AcPGQ",13,"H"
2018-08-22,"unmarked_0DxlhR",3,"A"
2018-08-22,"unmarked_1ibJmA",12,"G"
2019-07-10,"unmarked_2E2adD",6,"D"
2018-05-11,"unmarked_2O40Xq",13,"D"
2018-08-18,"unmarked_35eVcW",27,"M1"
2018-09-23,"unmarked_4yTzg1",22,"M2"
2018-09-23,"unmarked_65RLh2",28,"M2"
2019-10-22,"unmarked_7fO3Fu",24,"M1"
2018-01-17,"unmarked_abI7se",4,"G"
2019-08-14,"unmarked_AyopNT",6,"M2"
2018-06-12,"unmarked_BYO15e",1,"H"
2020-06-12,"unmarked_dB6Cw8",7,"M2"
2018-01-17,"unmarked_DbnBFw",4,"G"
2019-06-18,"unmarked_dkmOXI",10,"A"
2019-10-15,"unmarked_DwuQPn",11,"B"
2019-09-18,"unmarked_DY9YKf",14,"G"
2020-06-12,"unmarked_E4A9rM",7,"M2"
2019-09-25,"unmarked_eyVmKo",13,"M1"
2018-11-16,"unmarked_FBI60l",2,"M1"
2020-06-12,"unmarked_fhI7u0",7,"M2"
2020-06-12,"unmarked_FSuJgE",10,"M2"
2018-05-08,"unmarked_GBXpeu",6,"M2"
2018-07-10,"unmarked_GcaZQL",37,"M1"
2017-10-03,"unmarked_GNIYTq",23,"M2"
2018-06-12,"unmarked_IngtUR",9,"D"
2019-07-10,"unmarked_jDWZPs",9,"H"
2018-09-29,"unmarked_jJPNRG",5,"G"
2018-12-18,"unmarked_K7TSic",9,"B"
2020-06-12,"unmarked_kEhAFu",10,"M2"
2018-09-29,"unmarked_kMRfBh",8,"B"
2018-10-26,"unmarked_kod6p4",6,"A"
2018-09-29,"unmarked_L9vIZ3",6,"B"
2019-10-22,"unmarked_OqKHGq",20,"M2"
2019-04-12,"unmarked_orPcTM",8,"H"
2018-09-29,"unmarked_OtyuTO",8,"H"
2019-12-08,"unmarked_ptrEMO",1,"A"
2019-09-25,"unmarked_q5YG4d",24,"M1"
2017-08-04,"unmarked_qhVveE",3,"F"
2020-02-05,"unmarked_rGkc63",13,"G"
2019-06-18,"unmarked_rouNjN",2,"H"
2019-09-18,"unmarked_SF0ySt",13,"D"
2019-10-15,"unmarked_Tlwqxk",2,"H1"
2019-09-25,"unmarked_u7PO5o",7,"M2"
2020-06-12,"unmarked_UbiwZC",10,"M2"
2018-06-12,"unmarked_Un2TL2",2,"H"
2018-05-08,"unmarked_UP4Ozo",5,"M1"
2018-10-26,"unmarked_uWxtkJ",12,"A"
2019-08-14,"unmarked_UxHUzh",1,"A"
2020-06-12,"unmarked_V3T1YN",7,"M2"
2020-06-12,"unmarked_vbw0yy",7,"M2"
2018-08-18,"unmarked_xLqK1s",24,"M2"
2020-06-12,"unmarked_YA2BAm",33,"M2"
2018-09-23,"unmarked_YnWHo3",32,"M2"
2018-09-23,"unmarked_Z6Lh0h",13,"M2"
2018-10-19,"unmarked_zZAilj",5,"M2"
